[key]; [value]
Version; 0x03050000
Name; Application.Trace
ApplicationName; Application
ApplicationDataGuid; 00000000-0000-0000-0000-000000000000
IecTaskName; Task
Comment; 
Trigger.Flags; 5
Trigger.Edge; 1
Trigger.Position; 0
Trigger.UpdatesAfterTrigger; 201
Trigger.Variable.Name; AI1
Trigger.Variable.AddrFlags; 0x00000000
Trigger.Variable.Class; 14
Trigger.Variable.Size; 4
Trigger.Level; 15
Condition.Name; 
Condition.AddrFlags; 0x00000000
Condition.Class; 0
Condition.Size; 0
EveryNCycles; 1
BufferEntries; 101
Flags; 16
0.Variable; PLC_PRG.sinx1.value
0.Address.AddrFlags; 0x00000000
0.Class; 14
0.Size; 4
0.GraphColor; 4278190335
0.GraphType; 1
0.MinWarningColor; 4278190080
0.MaxWarningColor; 4294901760
0.CriticalLowerLimit; 0
0.CriticalUpperLimit; 0
0.ActivateMinWarning; 0
0.ActivateMaxWarning; 0
0.YAxis; 0
0.Data; 
; 5; 8.5965032577514648
; 25; 8.7217521667480469
; 45; 8.8490724563598633
; 65; 8.97838306427002
; 85; 9.1096019744873047
; 105; 9.2426462173461914
; 125; 9.3774328231811523
; 145; 9.5138750076293945
; 165; 9.6518878936767578
; 185; 9.79138469696045
; 205; 9.9322757720947266
; 225; 10.074472427368164
; 245; 10.217885971069336
; 265; 10.362424850463867
; 285; 10.507997512817383
; 305; 10.654513359069824
; 325; 10.801878929138184
; 345; 10.950000762939453
; 365; 11.098786354064941
; 385; 11.248141288757324
; 405; 11.397970199584961
; 425; 11.54818058013916
; 445; 11.698675155639648
; 465; 11.849361419677734
; 485; 12.000142097473145
; 505; 12.150921821594238
; 525; 12.301607131958008
; 545; 12.452101707458496
; 565; 12.602311134338379
; 585; 12.752140045166016
; 605; 12.901494026184082
; 625; 13.050277709960938
; 645; 13.198398590087891
; 665; 13.345762252807617
; 685; 13.492276191711426
; 705; 13.637847900390625
; 725; 13.782384872436523
; 745; 13.925795555114746
; 765; 14.067990303039551
; 785; 14.208879470825195
; 805; 14.348372459411621
; 825; 14.486382484436035
; 845; 14.622821807861328
; 865; 14.757604598999023
; 885; 14.890645980834961
; 905; 15.021862030029297
; 925; 15.151168823242188
; 945; 15.278484344482422
; 965; 15.403730392456055
; 985; 15.526825904846191
; 1005; 15.64769458770752
; 1025; 15.766258239746094
; 1045; 15.882443428039551
; 1065; 15.996176719665527
; 1085; 16.107385635375977
; 1105; 16.216001510620117
; 1125; 16.321952819824219
; 1145; 16.425174713134766
; 1165; 16.525600433349609
; 1185; 16.6231689453125
; 1205; 16.717817306518555
; 1225; 16.809486389160156
; 1245; 16.898117065429688
; 1265; 16.983654022216797
; 1285; 17.066043853759766
; 1305; 17.145233154296875
; 1325; 17.221172332763672
; 1345; 17.293813705444336
; 1365; 17.36311149597168
; 1385; 17.429021835327148
; 1405; 17.491504669189453
; 1425; 17.550518035888672
; 1445; 17.606023788452148
; 1465; 17.657989501953125
; 1485; 17.706382751464844
; 1505; 17.751171112060547
; 1525; 17.792325973510742
; 1545; 17.829824447631836
; 1565; 17.863637924194336
; 1585; 17.893749237060547
; 1605; 17.920139312744141
; 1625; 17.942787170410156
; 1645; 17.96168327331543
; 1665; 17.976814270019531
; 1685; 17.988168716430664
; 1705; 17.995742797851563
; 1725; 17.999528884887695
; 1745; 17.99952507019043
; 1765; 17.995731353759766
; 1785; 17.988151550292969
; 1805; 17.976789474487305
; 1825; 17.961652755737305
; 1845; 17.9427490234375
; 1865; 17.920093536376953
; 1885; 17.893697738647461
; 1905; 17.863578796386719
; 1925; 17.829757690429688
; 1945; 17.792253494262695
; 1965; 17.751091003417969
; 1985; 17.706295013427734
; 2005; 17.657896041870117
; 2025; 17.605922698974609
; 2045; 17.5504093170166
; 2065; 17.491390228271484
; 2085; 17.428901672363281
; 2105; 17.362985610961914
; 2125; 17.293680191040039
; 2145; 17.221033096313477
; 2165; 17.145086288452148
; 2185; 17.065891265869141
; 2205; 16.983495712280273
; 2225; 16.897953033447266
; 2245; 16.809316635131836
; 2265; 16.717643737792969
; 2284; 16.622989654541016
; 2304; 16.525415420532227
; 2324; 16.424982070922852
; 2344; 16.321756362915039
; 2365; 16.215799331665039
; 2384; 16.107179641723633
; 2405; 15.995965003967285
; 2425; 15.882227897644043
; 2444; 15.766037940979004
; 2464; 15.647468566894531
; 2484; 15.526597023010254
; 2504; 15.403496742248535
; 2524; 15.278246879577637
; 2544; 15.15092658996582
; 2564; 15.02161693572998
; 2584; 14.890398025512695
; 2604; 14.757352828979492
; 2624; 14.622567176818848
; 2644; 14.486124038696289
; 2665; 14.348111152648926
; 2684; 14.208615303039551
; 2704; 14.067724227905273
; 2724; 13.92552661895752
; 2744; 13.782114028930664
; 2764; 13.637575149536133
; 2784; 13.4920015335083
; 2804; 13.345485687255859
; 2824; 13.198121070861816
; 2844; 13.04999828338623
; 2864; 12.901212692260742
; 2884; 12.751858711242676
; 2904; 12.602028846740723
; 2924; 12.45181941986084
; 2944; 12.301323890686035
; 2964; 12.150638580322266
; 2984; 11.999857902526855
; 3004; 11.849077224731445
; 3024; 11.698391914367676
; 3044; 11.547897338867188
; 3064; 11.397687911987305
; 3084; 11.247859954833984
; 3104; 11.098505973815918
; 3124; 10.949721336364746
; 3144; 10.801600456237793
; 3164; 10.654236793518066
; 3184; 10.507722854614258
; 3204; 10.362151145935059
; 3224; 10.217615127563477
; 3244; 10.074203491210938
; 3264; 9.9320087432861328
; 3284; 9.7911205291748047
; 3304; 9.6516275405883789
; 3324; 9.5136175155639648
; 3344; 9.3771772384643555
; 3365; 9.24239444732666
; 3385; 9.1093530654907227
; 3405; 8.9781379699707031
; 3425; 8.8488311767578125
; 3445; 8.7215147018432617
; 3465; 8.5962696075439453
; 3485; 8.4731731414794922
; 3505; 8.35230541229248
; 3525; 8.23374080657959
; 3545; 8.1175556182861328
; 3565; 8.0038223266601563
; 3585; 7.8926138877868652
; 3605; 7.783998966217041
; 3625; 7.6780471801757813
; 3645; 7.5748252868652344
; 3665; 7.474398136138916
; 3685; 7.3768296241760254
; 3705; 7.2821812629699707
; 3725; 7.1905131340026855
; 3745; 7.1018824577331543
; 3765; 7.0163455009460449
; 3785; 6.9339561462402344
; 3805; 6.854766845703125
; 3825; 6.77882719039917
; 3845; 6.7061858177185059
; 3865; 6.6368875503540039
; 3885; 6.5709772109985352
; 3905; 6.5084958076477051
; 3925; 6.4494829177856445
; 3945; 6.3939757347106934
; 3965; 6.3420095443725586
; 3985; 6.293616771697998
; 4005; 6.2488288879394531
; 4025; 6.2076730728149414
; 4045; 6.1701760292053223
; 4065; 6.1363611221313477
; 4085; 6.1062498092651367
; 4105; 6.0798611640930176
; 4125; 6.0572118759155273
; 4145; 6.0383162498474121
; 4165; 6.0231857299804688
; 4185; 6.0118308067321777
; 4205; 6.0042576789855957
; 4225; 6.0004720687866211
; 4245; 6.0004754066467285
; 4265; 6.0042686462402344
; 4285; 6.0118484497070313
; 4305; 6.0232110023498535
; 4325; 6.0383481979370117
; 4345; 6.0572509765625
; 4365; 6.0799074172973633
; 4385; 6.1063032150268555
; 4405; 6.1364216804504395
; 4425; 6.1702432632446289
; 4445; 6.2077474594116211
; 4465; 6.2489099502563477
; 4485; 6.2937049865722656
; 4505; 6.342104434967041
; 4525; 6.3940773010253906
; 4545; 6.4495906829833984
; 4565; 6.5086102485656738
; 4585; 6.5710983276367188
; 4605; 6.6370153427124023
; 4625; 6.7063198089599609
; 4645; 6.77896785736084
; 4665; 6.8549132347106934
; 4685; 6.9341087341308594
; 4705; 7.0165038108825684
; 4725; 7.1020469665527344
; 4745; 7.1906833648681641
; 4765; 7.2823576927185059
; 4785; 7.3770112991333008
; 4805; 7.47458553314209
; 4825; 7.57501745223999
; 4845; 7.6782445907592773
; 4865; 7.7842016220092773
; 4885; 7.8928213119506836
; 4905; 8.0040349960327148
; 4925; 8.1177730560302734
; 4945; 8.2339630126953125
; 4965; 8.3525314331054688
; 4985; 8.4734039306640625
; 5005; 8.5965032577514648
; 5025; 8.7217531204223633
; 5045; 8.84907341003418
; 5065; 8.9783840179443359
; 5085; 9.1096029281616211
; 5105; 9.2426471710205078
; 5125; 9.3774337768554688
; 5145; 9.5138759613037109
; 5165; 9.6518888473510742
; 5185; 9.7913856506347656
; 5205; 9.932276725769043
; 5225; 10.07447338104248
; 5245; 10.217886924743652
; 5265; 10.362425804138184
; 5285; 10.5079984664917
; 5305; 10.654514312744141
; 5325; 10.8018798828125
; 5345; 10.95000171661377
; 5365; 11.098787307739258
; 5385; 11.248142242431641
; 5405; 11.397972106933594
; 5425; 11.548181533813477
; 5445; 11.698676109313965
; 5465; 11.849362373352051
; 5485; 12.000143051147461
; 5505; 12.150922775268555
; 5525; 12.301608085632324
; 5545; 12.452102661132813
; 5565; 12.602312088012695
; 5585; 12.752140998840332
; 5605; 12.901494979858398
; 5625; 13.050278663635254
; 5645; 13.198399543762207
; 5665; 13.345763206481934
; 5685; 13.492277145385742
; 5705; 13.637848854064941
; 5725; 13.78238582611084
; 5745; 13.925796508789063
; 5765; 14.067991256713867
; 5785; 14.208880424499512
; 5805; 14.348373413085938
; 5825; 14.486383438110352
; 5845; 14.622822761535645
; 5865; 14.75760555267334
; 5885; 14.890646934509277
; 5905; 15.021862983703613
; 5925; 15.151168823242188
; 5945; 15.278485298156738
; 5965; 15.403731346130371
; 5985; 15.526826858520508
; 6005; 15.647695541381836
; 6025; 15.76625919342041
; 6045; 15.882444381713867
; 6065; 15.996177673339844
; 6085; 16.107387542724609
; 6105; 16.216001510620117
; 6125; 16.321952819824219
; 6145; 16.425174713134766
; 6165; 16.525602340698242
; 6185; 16.623170852661133
; 6205; 16.717819213867188
; 6225; 16.809486389160156
; 6245; 16.898117065429688
; 6265; 16.983654022216797
; 6285; 17.066043853759766
; 6305; 17.145233154296875
; 6325; 17.221172332763672
; 6345; 17.293813705444336
; 6365; 17.363113403320313
; 6385; 17.429023742675781
; 6405; 17.491504669189453
; 6425; 17.550518035888672
; 6445; 17.606023788452148
; 6465; 17.657991409301758
; 6485; 17.706382751464844
; 6505; 17.751171112060547
; 6525; 17.792327880859375
; 6545; 17.829824447631836
; 6565; 17.863639831542969
; 6585; 17.89375114440918
; 6605; 17.920139312744141
; 6625; 17.942789077758789
; 6645; 17.96168327331543
; 6665; 17.976814270019531
; 6685; 17.988168716430664
; 6705; 17.995742797851563
; 6725; 17.999528884887695
; 6745; 17.99952507019043
; 6765; 17.995731353759766
; 6785; 17.988151550292969
; 6805; 17.976789474487305
; 6825; 17.961650848388672
; 6845; 17.9427490234375
; 6865; 17.92009162902832
; 6885; 17.893695831298828
; 6905; 17.863578796386719
; 6925; 17.829755783081055
; 6945; 17.792251586914063
; 6965; 17.751089096069336
; 6985; 17.706295013427734
; 7005; 17.657896041870117
; 7025; 17.605922698974609
; 7045; 17.5504093170166
; 7065; 17.491390228271484
; 7085; 17.428901672363281
; 7105; 17.362983703613281
; 7125; 17.293680191040039
; 7145; 17.221031188964844
; 7165; 17.145086288452148
; 7185; 17.065891265869141
; 7205; 16.983495712280273
; 7225; 16.897953033447266
; 7245; 16.809316635131836
; 7265; 16.717641830444336
; 7285; 16.622987747192383
; 7305; 16.525413513183594
; 7325; 16.424982070922852
; 7345; 16.321754455566406
; 7365; 16.215797424316406
; 7385; 16.107177734375
; 7405; 15.995964050292969
; 7425; 15.882226943969727
; 7445; 15.766036987304688
; 7465; 15.647468566894531
; 7485; 15.526596069335938
; 7505; 15.403495788574219
; 7525; 15.27824592590332
; 7545; 15.150925636291504
; 7565; 15.021615982055664
; 7585; 14.890397071838379
; 7605; 14.757351875305176
; 7625; 14.622566223144531
; 7645; 14.486123085021973
; 7665; 14.348110198974609
; 7685; 14.208614349365234
; 7705; 14.067723274230957
; 7725; 13.925525665283203
; 7745; 13.782113075256348
; 7765; 13.637574195861816
; 7785; 13.492000579833984
; 7805; 13.345484733581543
; 7825; 13.198119163513184
; 7845; 13.049997329711914
; 7865; 12.901211738586426
; 7885; 12.751857757568359
; 7905; 12.602027893066406
; 7925; 12.451818466186523
; 7945; 12.301322937011719
; 7965; 12.150637626647949
; 7985; 11.999856948852539
; 8005; 11.849076271057129
; 8025; 11.698390960693359
; 8045; 11.547896385192871
; 8065; 11.397686958312988
; 8085; 11.247858047485352
; 8105; 11.098505020141602
; 8125; 10.94972038269043
; 8145; 10.801599502563477
; 8165; 10.65423583984375
; 8185; 10.507721900939941
; 8205; 10.362150192260742
; 8225; 10.21761417388916
; 8245; 10.074202537536621
; 8265; 9.9320077896118164
; 8285; 9.7911195755004883
; 8305; 9.6516265869140625
; 8325; 9.5136165618896484
; 8345; 9.3771762847900391
; 8365; 9.2423934936523438
; 8385; 9.1093521118164063
; 8405; 8.9781370162963867
; 8425; 8.8488302230834961
; 8445; 8.7215137481689453
; 8465; 8.5962686538696289
; 8485; 8.4731721878051758
; 8505; 8.3523044586181641
; 8525; 8.2337398529052734
; 8545; 8.1175546646118164
; 8565; 8.0038223266601563
; 8585; 7.8926129341125488
; 8605; 7.7839980125427246
; 8625; 7.6780462265014648
; 8645; 7.574824333190918
; 8665; 7.4743976593017578
; 8685; 7.3768291473388672
; 8705; 7.2821807861328125
; 8725; 7.1905121803283691
; 8745; 7.1018815040588379
; 8765; 7.0163445472717285
; 8785; 6.9339556694030762
; 8805; 6.8547663688659668
; 8825; 6.7788267135620117
; 8845; 6.7061853408813477
; 8864; 6.6368870735168457
; 8884; 6.570976734161377
; 8905; 6.5084953308105469
; 8925; 6.4494824409484863
; 8944; 6.3939752578735352
; 8965; 6.3420090675354
; 8985; 6.293616771697998
; 9004; 6.2488284111022949
; 9024; 6.2076725959777832
; 9044; 6.1701755523681641
; 9064; 6.1363606452941895
; 9084; 6.1062498092651367
; 9104; 6.0798611640930176
; 9124; 6.0572118759155273
; 9144; 6.0383157730102539
; 9164; 6.0231857299804688
; 9184; 6.0118308067321777
; 9204; 6.0042576789855957
; 9225; 6.0004720687866211
; 9244; 6.0004754066467285
; 9264; 6.0042686462402344
; 9284; 6.0118484497070313
; 9304; 6.0232110023498535
; 9324; 6.0383481979370117
; 9344; 6.0572514533996582
; 9364; 6.0799078941345215
; 9384; 6.1063032150268555
; 9404; 6.1364216804504395
; 9424; 6.1702437400817871
; 9444; 6.2077474594116211
; 9464; 6.2489099502563477
; 9484; 6.2937054634094238
; 9504; 6.342104434967041
; 9524; 6.3940773010253906
; 9544; 6.4495911598205566
; 9564; 6.508610725402832
; 9584; 6.571098804473877
; 9604; 6.6370158195495605
; 9624; 6.7063202857971191
; 9644; 6.778968334197998
; 9664; 6.8549137115478516
; 9684; 6.9341092109680176
; 9704; 7.0165047645568848
; 9724; 7.1020474433898926
; 9744; 7.1906838417053223
; 9764; 7.2823581695556641
; 9784; 7.3770122528076172
; 9804; 7.474586009979248
; 9824; 7.5750184059143066
; 9844; 7.6782455444335938
; 9864; 7.7842025756835938
; 9884; 7.892822265625
; 9904; 8.0040359497070313
; 9924; 8.11777400970459
; 9944; 8.2339639663696289
; 9964; 8.3525323867797852
; 9984; 8.4734048843383789
; 10004; 8.5965042114257813
; 10024; 8.72175407409668
; 10044; 8.8490743637084961
; 10064; 8.9783849716186523
; 10084; 9.1096038818359375
; 10104; 9.2426481246948242
; 10124; 9.3774347305297852
; 10144; 9.5138769149780273
; 10164; 9.65188980102539
; 10184; 9.791386604309082
; 10204; 9.93227767944336
; 10224; 10.074474334716797
; 10244; 10.217887878417969
; 10264; 10.3624267578125
; 10284; 10.507999420166016
; 10304; 10.654515266418457
; 10324; 10.801880836486816
; 10344; 10.950002670288086
; 10364; 11.098788261413574
; 10384; 11.248143196105957
; 10404; 11.39797306060791
; 10424; 11.548182487487793
; 10444; 11.698678016662598
; 10464; 11.849363327026367
; 10484; 12.000144004821777
; 10504; 12.150924682617188
; 10524; 12.301609039306641
; 10544; 12.452104568481445
; 10564; 12.602313041687012
; 10584; 12.752141952514648
; 10604; 12.901495933532715
; 10624; 13.05027961730957
; 10644; 13.198400497436523
; 10664; 13.345765113830566
; 10684; 13.492278099060059
; 10704; 13.637849807739258
; 10724; 13.782386779785156
; 10744; 13.925797462463379
; 10764; 14.067992210388184
; 10784; 14.208881378173828
; 10804; 14.348374366760254
; 10824; 14.486384391784668
; 10844; 14.622823715209961
; 10864; 14.757606506347656
; 10884; 14.890647888183594
; 10904; 15.021862983703613
; 10924; 15.151169776916504
; 10944; 15.278486251831055
; 10964; 15.403732299804688
; 10984; 15.526827812194824
; 11004; 15.647695541381836
; 11024; 15.766260147094727
; 11044; 15.882445335388184
; 11064; 15.99617862701416
; 11084; 16.107387542724609
; 11104; 16.216001510620117
; 11124; 16.321954727172852
; 11144; 16.4251766204834
; 11164; 16.525602340698242
; 11184; 16.623170852661133
; 11204; 16.717819213867188
; 11224; 16.809488296508789
; 11244; 16.89811897277832
; 11264; 16.98365592956543
; 11284; 17.066043853759766
; 11304; 17.145233154296875
; 11324; 17.221174240112305
; 11344; 17.293815612792969
; 11365; 17.363113403320313
; 11385; 17.429023742675781
; 11405; 17.491504669189453
; 11425; 17.550518035888672
; 11445; 17.606025695800781
; 11465; 17.657991409301758
; 11485; 17.706382751464844
; 11505; 17.751171112060547
; 11525; 17.792327880859375
; 11545; 17.829824447631836
; 11565; 17.863639831542969
; 11585; 17.89375114440918
; 11605; 17.920139312744141
; 11625; 17.942789077758789
; 11645; 17.96168327331543
; 11665; 17.976814270019531
; 11685; 17.988168716430664
; 11705; 17.995742797851563
; 11725; 17.999528884887695
; 11745; 17.99952507019043
; 11765; 17.995731353759766
; 11785; 17.988151550292969
; 11805; 17.976789474487305
; 11825; 17.961650848388672
; 11845; 17.9427490234375
; 11865; 17.92009162902832
; 11885; 17.893695831298828
; 11905; 17.863578796386719
; 11925; 17.829755783081055
; 11945; 17.792251586914063
; 11965; 17.751089096069336
; 11985; 17.706295013427734
; 12005; 17.657896041870117
; 12025; 17.605922698974609
; 12045; 17.5504093170166
; 12065; 17.491388320922852
; 12085; 17.428901672363281
; 12105; 17.362983703613281
; 12125; 17.293680191040039
; 12145; 17.221031188964844
; 12165; 17.145086288452148
; 12185; 17.065891265869141
; 12205; 16.983495712280273
; 12225; 16.897953033447266
; 12245; 16.809316635131836
; 12265; 16.717641830444336
; 12285; 16.622987747192383
; 12305; 16.525413513183594
; 12325; 16.424982070922852
; 12345; 16.321754455566406
; 12365; 16.215797424316406
; 12385; 16.107177734375
; 12405; 15.995964050292969
; 12425; 15.88222599029541
; 12445; 15.766036033630371
; 12465; 15.647467613220215
; 12485; 15.526595115661621
; 12505; 15.403494834899902
; 12525; 15.278244972229004
; 12545; 15.150924682617188
; 12565; 15.021615028381348
; 12585; 14.890396118164063
; 12605; 14.757350921630859
; 12625; 14.622565269470215
; 12646; 14.486122131347656
; 12666; 14.348109245300293
; 12686; 14.208613395690918
; 12706; 14.067722320556641
; 12726; 13.925524711608887
; 12746; 13.782112121582031
; 12766; 13.6375732421875
; 12786; 13.491999626159668
; 12806; 13.345483779907227
; 12826; 13.198118209838867
; 12846; 13.049996376037598
; 12866; 12.901210784912109
; 12886; 12.751855850219727
; 12906; 12.60202693939209
; 12926; 12.451816558837891
; 12946; 12.301321983337402
; 12966; 12.150636672973633
; 12986; 11.999855995178223
; 13006; 11.849075317382813
; 13026; 11.698390007019043
; 13046; 11.547895431518555
; 13066; 11.397686004638672
; 13086; 11.247857093811035
; 13106; 11.098504066467285
; 13126; 10.949719429016113
; 13146; 10.80159854888916
; 13166; 10.654234886169434
; 13186; 10.507720947265625
; 13206; 10.362149238586426
; 13226; 10.217612266540527
; 13246; 10.074201583862305
; 13266; 9.9320068359375
; 13286; 9.7911186218261719
; 13306; 9.6516256332397461
; 13326; 9.513615608215332
; 13346; 9.3771753311157227
; 13366; 9.2423925399780273
; 13386; 9.10935115814209
; 13406; 8.97813606262207
; 13426; 8.84882926940918
; 13446; 8.7215127944946289
; 13466; 8.5962677001953125
; 13486; 8.47317123413086
; 13506; 8.3523035049438477
; 13526; 8.2337398529052734
; 13546; 8.1175537109375
; 13566; 8.00382137298584
; 13586; 7.8926119804382324
; 13606; 7.7839975357055664
; 13626; 7.6780457496643066
; 13646; 7.57482385635376
; 13666; 7.4743967056274414
; 13686; 7.376828670501709
; 13706; 7.2821803092956543
; 13726; 7.1905117034912109
; 13746; 7.10188102722168
; 13766; 7.01634407043457
; 13786; 6.933955192565918
; 13806; 6.8547658920288086
; 13826; 6.7788262367248535
; 13846; 6.7061848640441895
; 13866; 6.6368865966796875
; 13886; 6.5709762573242188
; 13906; 6.5084948539733887
; 13926; 6.4494819641113281
; 13946; 6.393974781036377
; 13966; 6.3420085906982422
; 13986; 6.29361629486084
; 14006; 6.2488279342651367
; 14026; 6.2076725959777832
; 14046; 6.1701755523681641
; 14066; 6.1363606452941895
; 14086; 6.1062493324279785
; 14106; 6.0798606872558594
; 14126; 6.0572113990783691
; 14146; 6.0383157730102539
; 14166; 6.0231857299804688
; 14186; 6.0118303298950195
; 14206; 6.0042576789855957
; 14226; 6.0004720687866211
; 14246; 6.0004754066467285
; 14266; 6.0042686462402344
; 14286; 6.0118489265441895
; 14306; 6.0232110023498535
; 14326; 6.03834867477417
; 14346; 6.0572514533996582
; 14366; 6.0799078941345215
; 14386; 6.1063036918640137
; 14406; 6.1364216804504395
; 14426; 6.1702437400817871
; 14446; 6.2077479362487793
; 14466; 6.2489104270935059
; 14486; 6.2937054634094238
; 14506; 6.3421049118041992
; 14526; 6.3940777778625488
; 14546; 6.4495916366577148
; 14566; 6.50861120223999
; 14586; 6.5710992813110352
; 14606; 6.6370162963867188
; 14626; 6.7063207626342773
; 14646; 6.7789688110351563
; 14666; 6.854914665222168
; 14686; 6.934110164642334
; 14706; 7.016505241394043
; 14726; 7.1020479202270508
; 14746; 7.1906847953796387
; 14766; 7.2823586463928223
; 14786; 7.3770127296447754
; 14806; 7.4745864868164063
; 14826; 7.5750188827514648
; 14846; 7.678246021270752
; 14866; 7.784203052520752
; 14886; 7.8928227424621582
; 14906; 8.0040369033813477
; 14926; 8.1177749633789063
; 14946; 8.2339649200439453
; 14966; 8.3525333404541016
; 14986; 8.4734058380126953
; 15006; 8.5965051651000977
; 15026; 8.7217550277709961
; 15046; 8.8490753173828125
; 15066; 8.9783859252929688
; 15086; 9.1096048355102539
; 15106; 9.24264907836914
; 15126; 9.3774356842041016
; 15146; 9.5138778686523438
; 15166; 9.651890754699707
; 15186; 9.7913875579833984
; 15206; 9.9322786331176758
; 15226; 10.074475288391113
; 15246; 10.217888832092285
; 15266; 10.362427711486816
; 15285; 10.508001327514648
; 15306; 10.654516220092773
; 15326; 10.801881790161133
; 15346; 10.950004577636719
; 15366; 11.098789215087891
; 15386; 11.248144149780273
; 15406; 11.397974014282227
; 15426; 11.548183441162109
; 15446; 11.698678970336914
; 15465; 11.849364280700684
; 15485; 12.000144958496094
; 15505; 12.150925636291504
; 15525; 12.301610946655273
; 15546; 12.452105522155762
; 15565; 12.602313995361328
; 15585; 12.752142906188965
; 15605; 12.901496887207031
; 15625; 13.050280570983887
; 15645; 13.19840145111084
; 15665; 13.345766067504883
; 15685; 13.492280006408691
; 15705; 13.637850761413574
; 15725; 13.782387733459473
; 15745; 13.925798416137695
; 15765; 14.0679931640625
; 15785; 14.208882331848145
; 15805; 14.34837532043457
; 15825; 14.486385345458984
; 15845; 14.622824668884277
; 15865; 14.757607460021973
; 15885; 14.89064884185791
; 15905; 15.02186393737793
; 15925; 15.15117073059082
; 15945; 15.278487205505371
; 15965; 15.403733253479004
; 15985; 15.526828765869141
; 16005; 15.647696495056152
; 16025; 15.766261100769043
; 16045; 15.8824462890625
; 16065; 15.996179580688477
; 16086; 16.107387542724609
; 16105; 16.21600341796875
; 16125; 16.321954727172852
; 16145; 16.4251766204834
; 16165; 16.525604248046875
; 16185; 16.623172760009766
; 16205; 16.717819213867188
; 16225; 16.809488296508789
; 16245; 16.89811897277832
; 16265; 16.98365592956543
; 16285; 17.0660457611084
; 16305; 17.145235061645508
; 16325; 17.221174240112305
; 16345; 17.293815612792969
; 16365; 17.363113403320313
; 16385; 17.429023742675781
; 16405; 17.491504669189453
; 16425; 17.550518035888672
; 16445; 17.606025695800781
; 16465; 17.657991409301758
; 16485; 17.706384658813477
; 16505; 17.751171112060547
; 16525; 17.792327880859375
; 16545; 17.829824447631836
; 16565; 17.863639831542969
; 16585; 17.89375114440918
; 16605; 17.920139312744141
; 16625; 17.942789077758789
; 16645; 17.961685180664063
; 16665; 17.976814270019531
; 16685; 17.988168716430664
; 16705; 17.995742797851563
; 16725; 17.999528884887695
; 16745; 17.99952507019043
; 16765; 17.995731353759766
; 16785; 17.988151550292969
; 16805; 17.976789474487305
; 16825; 17.961650848388672
; 16845; 17.9427490234375
; 16865; 17.92009162902832
; 16885; 17.893695831298828
; 16905; 17.863578796386719
; 16925; 17.829755783081055
; 16945; 17.792251586914063
; 16965; 17.751089096069336
; 16985; 17.706295013427734
; 17005; 17.657894134521484
; 17025; 17.605922698974609
; 17045; 17.550407409667969
; 17065; 17.491388320922852
; 17085; 17.428899765014648
; 17105; 17.362983703613281
; 17125; 17.293678283691406
; 17145; 17.221031188964844
; 17165; 17.145084381103516
; 17185; 17.065889358520508
; 17205; 16.983493804931641
; 17225; 16.897951126098633
; 17245; 16.809314727783203
; 17265; 16.717641830444336
; 17285; 16.622987747192383
; 17305; 16.525413513183594
; 17325; 16.424980163574219
; 17345; 16.321752548217773
; 17365; 16.215797424316406
; 17385; 16.107177734375
; 17405; 15.995963096618652
; 17425; 15.882225036621094
; 17445; 15.766035079956055
; 17465; 15.647466659545898
; 17485; 15.526594161987305
; 17505; 15.403493881225586
; 17525; 15.278244018554688
; 17545; 15.150924682617188
; 17565; 15.021614074707031
; 17585; 14.890395164489746
; 17605; 14.757349967956543
; 17625; 14.622564315795898
; 17645; 14.48612117767334
; 17665; 14.348108291625977
; 17685; 14.208612442016602
; 17705; 14.067721366882324
; 17725; 13.92552375793457
; 17745; 13.782111167907715
; 17765; 13.637572288513184
; 17785; 13.491998672485352
; 17805; 13.34548282623291
; 17825; 13.198117256164551
; 17845; 13.049995422363281
; 17865; 12.901209831237793
; 17885; 12.75185489654541
; 17905; 12.602025985717773
; 17925; 12.451815605163574
; 17945; 12.301321029663086
; 17965; 12.150635719299316
; 17985; 11.999855041503906
; 18005; 11.849074363708496
; 18025; 11.698389053344727
; 18045; 11.547894477844238
; 18065; 11.397685050964355
; 18085; 11.247856140136719
; 18105; 11.098503112792969
; 18125; 10.949718475341797
; 18145; 10.801597595214844
; 18165; 10.654233932495117
; 18185; 10.507719993591309
; 18205; 10.362148284912109
; 18225; 10.217611312866211
; 18245; 10.074200630187988
; 18265; 9.9320058822631836
; 18285; 9.7911176681518555
; 18305; 9.65162467956543
; 18325; 9.5136146545410156
; 18345; 9.3771743774414063
; 18365; 9.2423915863037109
; 18385; 9.1093502044677734
; 18405; 8.9781351089477539
; 18425; 8.8488283157348633
; 18445; 8.7215118408203125
; 18465; 8.5962667465209961
; 18485; 8.47317123413086
; 18505; 8.3523025512695313
; 18525; 8.233738899230957
; 18545; 8.1175537109375
; 18565; 8.0038204193115234
; 18585; 7.8926115036010742
; 18605; 7.78399658203125
; 18625; 7.67804479598999
; 18645; 7.5748229026794434
; 18665; 7.4743962287902832
; 18685; 7.3768277168273926
; 18705; 7.2821793556213379
; 18725; 7.1905112266540527
; 18745; 7.1018805503845215
; 18765; 7.0163435935974121
; 18785; 6.93395471572876
; 18805; 6.85476541519165
; 18825; 6.7788257598876953
; 18845; 6.7061843872070313
; 18865; 6.6368861198425293
; 18885; 6.5709757804870605
; 18905; 6.5084943771362305
; 18925; 6.44948148727417
; 18945; 6.3939743041992188
; 18965; 6.3420085906982422
; 18985; 6.2936158180236816
; 19005; 6.2488279342651367
; 19025; 6.207672119140625
; 19045; 6.1701750755310059
; 19065; 6.1363606452941895
; 19085; 6.1062493324279785
; 19105; 6.0798606872558594
; 19125; 6.0572113990783691
; 19145; 6.0383157730102539
; 19165; 6.0231857299804688
; 19185; 6.0118303298950195
; 19205; 6.0042576789855957
; 19225; 6.0004720687866211
; 19245; 6.0004754066467285
; 19265; 6.0042686462402344
; 19285; 6.0118489265441895
; 19305; 6.0232110023498535
; 19325; 6.03834867477417
; 19345; 6.0572514533996582
; 19365; 6.0799078941345215
; 19385; 6.1063036918640137
; 19405; 6.1364221572875977
; 19425; 6.1702442169189453
; 19445; 6.2077479362487793
; 19465; 6.2489109039306641
; 19485; 6.293705940246582
; 19505; 6.3421053886413574
; 19525; 6.394078254699707
; 19545; 6.449592113494873
; 19566; 6.5086116790771484
; 19585; 6.5710997581481934
; 19605; 6.637016773223877
; 19625; 6.7063212394714355
; 19645; 6.7789692878723145
; 19665; 6.8549151420593262
; 19685; 6.9341106414794922
; 19705; 7.0165057182312012
; 19725; 7.102048397064209
; 19745; 7.1906852722167969
; 19765; 7.2823596000671387
; 19785; 7.3770132064819336
; 19805; 7.4745874404907227
; 19825; 7.5750198364257813
; 19845; 7.6782469749450684
; 19865; 7.7842040061950684
; 19885; 7.8928236961364746
; 19905; 8.0040378570556641
; 19925; 8.1177749633789063
; 19945; 8.2339649200439453
; 19965; 8.352534294128418
; 19985; 8.4734067916870117
; 20005; 8.5965061187744141
; 20025; 8.7217559814453125
; 20045; 8.8490762710571289
; 20065; 8.9783868789672852
; 20085; 9.10960578918457
; 20105; 9.242650032043457
; 20125; 9.377436637878418
; 20145; 9.51387882232666
; 20165; 9.6518917083740234
; 20185; 9.7913885116577148
; 20205; 9.9322795867919922
; 20225; 10.07447624206543
; 20245; 10.217889785766602
; 20265; 10.362428665161133
; 20285; 10.508002281188965
; 20305; 10.65451717376709
; 20325; 10.801882743835449
; 20345; 10.950005531311035
; 20365; 11.098790168762207
; 20385; 11.24814510345459
; 20405; 11.397974967956543
; 20425; 11.548184394836426
; 20445; 11.69867992401123
; 20465; 11.849365234375
; 20485; 12.00014591217041
; 20505; 12.15092658996582
; 20525; 12.30161190032959
; 20545; 12.452106475830078
; 20565; 12.602314949035645
; 20585; 12.752143859863281
; 20605; 12.901497840881348
; 20625; 13.050281524658203
; 20645; 13.198402404785156
; 20665; 13.3457670211792
; 20685; 13.492280960083008
; 20705; 13.637851715087891
; 20725; 13.782388687133789
; 20745; 13.925799369812012
; 20765; 14.067994117736816
; 20785; 14.208883285522461
; 20805; 14.348376274108887
; 20825; 14.4863862991333
; 20845; 14.622825622558594
; 20865; 14.757608413696289
; 20885; 14.890649795532227
; 20905; 15.021864891052246
; 20925; 15.151171684265137
; 20945; 15.278488159179688
; 20965; 15.40373420715332
; 20985; 15.526829719543457
; 21005; 15.647697448730469
; 21025; 15.766262054443359
; 21045; 15.882447242736816
; 21065; 15.996180534362793
; 21085; 16.107389450073242
; 21105; 16.21600341796875
; 21125; 16.321954727172852
; 21145; 16.4251766204834
; 21165; 16.525604248046875
; 21185; 16.623172760009766
; 21205; 16.71782112121582
; 21225; 16.809488296508789
; 21245; 16.89811897277832
; 21265; 16.98365592956543
; 21285; 17.0660457611084
; 21305; 17.145235061645508
; 21325; 17.221174240112305
; 21345; 17.293815612792969
; 21365; 17.363113403320313
; 21385; 17.429023742675781
; 21405; 17.491506576538086
; 21425; 17.550518035888672
; 21445; 17.606025695800781
; 21465; 17.657991409301758
; 21485; 17.706384658813477
; 21505; 17.75117301940918
; 21525; 17.792327880859375
; 21545; 17.829824447631836
; 21565; 17.863639831542969
; 21585; 17.89375114440918
; 21605; 17.920139312744141
; 21625; 17.942789077758789
; 21645; 17.961685180664063
; 21665; 17.976814270019531
; 21685; 17.988168716430664
; 21705; 17.995742797851563
; 21725; 17.999528884887695
; 21745; 17.99952507019043
; 21765; 17.995731353759766
; 21785; 17.988151550292969
; 21805; 17.976789474487305
; 21825; 17.961650848388672
; 21845; 17.9427490234375
; 21865; 17.92009162902832
; 21885; 17.893695831298828
; 21904; 17.863576889038086
; 21925; 17.829755783081055
; 21945; 17.792251586914063
; 21964; 17.751089096069336
; 21984; 17.7062931060791
; 22005; 17.657894134521484
; 22024; 17.605920791625977
; 22044; 17.550407409667969
; 22065; 17.491388320922852
; 22084; 17.428899765014648
; 22104; 17.362983703613281
; 22124; 17.293678283691406
; 22145; 17.221031188964844
; 22165; 17.145084381103516
; 22184; 17.065889358520508
; 22204; 16.983493804931641
; 22225; 16.897951126098633
; 22244; 16.809314727783203
; 22264; 16.717639923095703
; 22284; 16.62298583984375
; 22304; 16.525411605834961
; 22324; 16.424980163574219
; 22344; 16.321752548217773
; 22364; 16.215795516967773
; 22384; 16.107175827026367
; 22404; 15.995962142944336
; 22424; 15.882224082946777
; 22444; 15.766034126281738
; 22464; 15.647465705871582
; 22484; 15.526593208312988
; 22504; 15.40349292755127
; 22524; 15.278244018554688
; 22544; 15.150923728942871
; 22564; 15.021613121032715
; 22584; 14.89039421081543
; 22604; 14.757349014282227
; 22624; 14.622563362121582
; 22644; 14.486120223999023
; 22664; 14.34810733795166
; 22684; 14.208611488342285
; 22704; 14.067720413208008
; 22724; 13.925522804260254
; 22744; 13.782110214233398
; 22764; 13.637571334838867
; 22784; 13.491997718811035
; 22805; 13.345481872558594
; 22825; 13.198116302490234
; 22845; 13.049994468688965
; 22865; 12.901208877563477
; 22885; 12.751853942871094
; 22905; 12.602025032043457
; 22925; 12.451814651489258
; 22945; 12.30132007598877
; 22965; 12.150633811950684
; 22985; 11.99985408782959
; 23005; 11.84907341003418
; 23025; 11.69838809967041
; 23045; 11.547893524169922
; 23065; 11.397684097290039
; 23085; 11.247855186462402
; 23105; 11.098502159118652
; 23125; 10.94971752166748
; 23145; 10.801596641540527
; 23165; 10.6542329788208
; 23185; 10.507719039916992
; 23205; 10.362147331237793
; 23225; 10.217610359191895
; 23245; 10.074199676513672
; 23265; 9.9320049285888672
; 23285; 9.7911167144775391
; 23305; 9.6516237258911133
; 23325; 9.5136137008667
; 23345; 9.37717342376709
; 23365; 9.2423906326293945
; 23385; 9.109349250793457
; 23405; 8.9781341552734375
; 23425; 8.8488273620605469
; 23445; 8.7215108871459961
; 23465; 8.59626579284668
; 23485; 8.473170280456543
; 23505; 8.3523015975952148
; 23525; 8.23373794555664
; 23545; 8.1175527572631836
; 23565; 8.003819465637207
; 23585; 7.8926105499267578
; 23605; 7.7839961051940918
; 23625; 7.678044319152832
; 23645; 7.5748224258422852
; 23665; 7.474395751953125
; 23685; 7.3768272399902344
; 23705; 7.28217887878418
; 23725; 7.1905102729797363
; 23745; 7.1018800735473633
; 23765; 7.0163431167602539
; 23785; 6.9339537620544434
; 23805; 6.854764461517334
; 23825; 6.7788252830505371
; 23845; 6.706183910369873
; 23865; 6.6368856430053711
; 23885; 6.5709753036499023
; 23905; 6.5084939002990723
; 23925; 6.4494810104370117
; 23945; 6.3939743041992188
; 23965; 6.342008113861084
; 23985; 6.2936158180236816
; 24005; 6.2488274574279785
; 24025; 6.207672119140625
; 24045; 6.1701750755310059
; 24065; 6.1363601684570313
; 24085; 6.10624885559082
; 24105; 6.0798606872558594
; 24125; 6.0572113990783691
; 24145; 6.0383157730102539
; 24165; 6.0231852531433105
; 24185; 6.0118303298950195
; 24205; 6.0042576789855957
; 24225; 6.0004720687866211
; 24245; 6.0004754066467285
; 24265; 6.0042686462402344
; 24285; 6.0118489265441895
; 24305; 6.0232110023498535
; 24325; 6.03834867477417
; 24345; 6.0572514533996582
; 24365; 6.07990837097168
; 24385; 6.1063041687011719
; 24405; 6.1364221572875977
; 24425; 6.1702442169189453
; 24445; 6.2077484130859375
; 24465; 6.2489109039306641
; 24485; 6.29370641708374
; 24505; 6.3421053886413574
; 24525; 6.3940787315368652
; 24545; 6.4495925903320313
; 24565; 6.5086121559143066
; 24585; 6.5711002349853516
; 24605; 6.6370172500610352
; 24625; 6.7063217163085938
; 24645; 6.7789697647094727
; 24665; 6.8549156188964844
; 24685; 6.93411111831665
; 24705; 7.0165061950683594
; 24725; 7.1020493507385254
; 24745; 7.1906857490539551
; 24765; 7.2823600769042969
; 24785; 7.37701416015625
; 24805; 7.4745879173278809
; 24825; 7.5750203132629395
; 24845; 7.6782474517822266
; 24865; 7.7842044830322266
; 24885; 7.8928241729736328
; 24905; 8.0040378570556641
; 24925; 8.1177759170532227
; 24945; 8.2339658737182617
; 24965; 8.352534294128418
; 24985; 8.4734067916870117
; 25005; 8.59650707244873
; 25025; 8.7217569351196289
; 25045; 8.8490772247314453
; 25065; 8.9783878326416016
; 25085; 9.1096067428588867
; 25105; 9.2426509857177734
; 25125; 9.3774375915527344
; 25145; 9.5138797760009766
; 25165; 9.65189266204834
; 25185; 9.7913894653320313
; 25205; 9.9322805404663086
; 25225; 10.074477195739746
; 25245; 10.217890739440918
; 25265; 10.362429618835449
; 25285; 10.508003234863281
; 25305; 10.654518127441406
; 25325; 10.801883697509766
; 25345; 10.950006484985352
; 25365; 11.09879207611084
; 25385; 11.248146057128906
; 25405; 11.397975921630859
; 25425; 11.548185348510742
; 25445; 11.698680877685547
; 25465; 11.849366188049316
; 25485; 12.000146865844727
; 25505; 12.150927543640137
; 25525; 12.301612854003906
; 25545; 12.452107429504395
; 25565; 12.602316856384277
; 25585; 12.752144813537598
; 25605; 12.901498794555664
; 25625; 13.050283432006836
; 25645; 13.198403358459473
; 25665; 13.345767974853516
; 25685; 13.492281913757324
; 25705; 13.637852668762207
; 25725; 13.782389640808105
; 25745; 13.925801277160645
; 25765; 14.067995071411133
; 25785; 14.208884239196777
; 25805; 14.348377227783203
; 25825; 14.486387252807617
; 25845; 14.62282657623291
; 25865; 14.757609367370605
; 25885; 14.890650749206543
; 25905; 15.021865844726563
; 25925; 15.151172637939453
; 25945; 15.278489112854004
; 25965; 15.403735160827637
; 25985; 15.526830673217773
; 26005; 15.647698402404785
; 26025; 15.766263008117676
; 26045; 15.882448196411133
; 26065; 15.996180534362793
; 26085; 16.107389450073242
; 26105; 16.216005325317383
; 26125; 16.321956634521484
; 26145; 16.425178527832031
; 26165; 16.525604248046875
; 26185; 16.623172760009766
; 26205; 16.71782112121582
; 26225; 16.809490203857422
; 26245; 16.898120880126953
; 26265; 16.983657836914063
; 26285; 17.0660457611084
; 26305; 17.145235061645508
; 26325; 17.221174240112305
; 26345; 17.2938175201416
; 26365; 17.363115310668945
; 26385; 17.429025650024414
; 26405; 17.491506576538086
; 26425; 17.550519943237305
; 26445; 17.606025695800781
; 26465; 17.657991409301758
; 26485; 17.706384658813477
; 26505; 17.75117301940918
; 26525; 17.792327880859375
; 26545; 17.829824447631836
; 26565; 17.863639831542969
; 26585; 17.89375114440918
; 26605; 17.920139312744141
; 26625; 17.942789077758789
; 26645; 17.961685180664063
; 26665; 17.976814270019531
; 26685; 17.988168716430664
; 26705; 17.995742797851563
; 26725; 17.999528884887695
; 26745; 17.99952507019043
; 26765; 17.995731353759766
; 26785; 17.988151550292969
; 26805; 17.976789474487305
; 26825; 17.961650848388672
; 26845; 17.9427490234375
; 26865; 17.92009162902832
; 26885; 17.893695831298828
; 26905; 17.863576889038086
; 26925; 17.829755783081055
; 26945; 17.792251586914063
; 26965; 17.751089096069336
; 26985; 17.7062931060791
; 27005; 17.657894134521484
; 27025; 17.605920791625977
; 27045; 17.550407409667969
; 27065; 17.491388320922852
; 27085; 17.428899765014648
; 27105; 17.362981796264648
; 27125; 17.293678283691406
; 27145; 17.221029281616211
; 27165; 17.145084381103516
; 27185; 17.065889358520508
; 27205; 16.983493804931641
; 27225; 16.897951126098633
; 27245; 16.809314727783203
; 27265; 16.717639923095703
; 27285; 16.62298583984375
; 27305; 16.525411605834961
; 27325; 16.424980163574219
; 27345; 16.321752548217773
; 27365; 16.215795516967773
; 27385; 16.107175827026367
; 27405; 15.99596118927002
; 27425; 15.882223129272461
; 27445; 15.766033172607422
; 27465; 15.647464752197266
; 27485; 15.526592254638672
; 27505; 15.403491973876953
; 27525; 15.278243064880371
; 27545; 15.150922775268555
; 27565; 15.021612167358398
; 27585; 14.890393257141113
; 27605; 14.75734806060791
; 27625; 14.622562408447266
; 27645; 14.486119270324707
; 27665; 14.348106384277344
; 27685; 14.208610534667969
; 27705; 14.067719459533691
; 27725; 13.925521850585938
; 27745; 13.782109260559082
; 27765; 13.637569427490234
; 27785; 13.491996765136719
; 27805; 13.345480918884277
; 27825; 13.198115348815918
; 27845; 13.049993515014648
; 27865; 12.90120792388916
; 27885; 12.751852989196777
; 27905; 12.602024078369141
; 27925; 12.451813697814941
; 27945; 12.301319122314453
; 27965; 12.150632858276367
; 27985; 11.999852180480957
; 28005; 11.849072456359863
; 28025; 11.698387145996094
; 28045; 11.547892570495605
; 28065; 11.397683143615723
; 28085; 11.247854232788086
; 28105; 11.09850025177002
; 28125; 10.949716567993164
; 28145; 10.801595687866211
; 28165; 10.654232025146484
; 28185; 10.507718086242676
; 28205; 10.362146377563477
; 28225; 10.217609405517578
; 28245; 10.074198722839355
; 28265; 9.93200397491455
; 28285; 9.7911157608032227
; 28305; 9.6516227722167969
; 28325; 9.5136127471923828
; 28345; 9.3771724700927734
; 28365; 9.2423896789550781
; 28384; 9.10934829711914
; 28405; 8.9781332015991211
; 28425; 8.84882640838623
; 28445; 8.72150993347168
; 28465; 8.5962648391723633
; 28485; 8.4731693267822266
; 28505; 8.3523006439208984
; 28524; 8.2337369918823242
; 28544; 8.1175518035888672
; 28564; 8.00381851196289
; 28584; 7.8926095962524414
; 28604; 7.7839951515197754
; 28625; 7.6780433654785156
; 28644; 7.5748214721679688
; 28664; 7.4743947982788086
; 28684; 7.376826286315918
; 28704; 7.2821784019470215
; 28724; 7.1905097961425781
; 28744; 7.1018791198730469
; 28764; 7.0163426399230957
; 28784; 6.9339532852172852
; 28804; 6.8547639846801758
; 28824; 6.7788248062133789
; 28844; 6.7061829566955566
; 28864; 6.6368851661682129
; 28884; 6.5709748268127441
; 28904; 6.5084934234619141
; 28924; 6.4494805335998535
; 28944; 6.3939738273620605
; 28964; 6.3420076370239258
; 28984; 6.2936153411865234
; 29004; 6.24882698059082
; 29024; 6.2076716423034668
; 29044; 6.1701745986938477
; 29064; 6.1363601684570313
; 29084; 6.10624885559082
; 29104; 6.0798602104187012
; 29124; 6.0572109222412109
; 29144; 6.0383152961730957
; 29164; 6.0231852531433105
; 29184; 6.0118303298950195
; 29204; 6.0042576789855957
; 29224; 6.0004720687866211
; 29244; 6.0004754066467285
; 29264; 6.0042686462402344
; 29284; 6.0118489265441895
; 29304; 6.0232114791870117
; 29324; 6.03834867477417
; 29344; 6.0572519302368164
; 29364; 6.07990837097168
; 29384; 6.1063041687011719
; 29404; 6.1364226341247559
; 29424; 6.1702446937561035
; 29444; 6.2077488899230957
; 29464; 6.2489113807678223
; 29484; 6.29370641708374
; 29504; 6.3421058654785156
; 29524; 6.3940792083740234
; 29544; 6.4495930671691895
; 29564; 6.5086126327514648
; 29584; 6.57110071182251
; 29604; 6.6370177268981934
; 29624; 6.706322193145752
; 29644; 6.7789702415466309
; 29664; 6.8549160957336426
; 29684; 6.9341115951538086
; 29704; 7.0165066719055176
; 29724; 7.1020498275756836
; 29744; 7.1906862258911133
; 29764; 7.2823605537414551
; 29784; 7.3770146369934082
; 29804; 7.4745888710021973
; 29824; 7.5750212669372559
; 29844; 7.678248405456543
; 29864; 7.784205436706543
; 29884; 7.8928251266479492
; 29904; 8.00403881072998
; 29924; 8.1177768707275391
; 29944; 8.2339668273925781
; 29964; 8.3525352478027344
; 29984; 8.4734077453613281
; 30004; 8.5965080261230469
; 30024; 8.7217578887939453
; 30044; 8.8490781784057617
; 30064; 8.978388786315918
; 30084; 9.1096076965332031
; 30104; 9.24265193939209
; 30124; 9.37743854522705
; 30144; 9.513880729675293
; 30164; 9.6518936157226563
; 30184; 9.7913904190063477
; 30204; 9.932281494140625
; 30224; 10.074478149414063
; 30244; 10.217891693115234
; 30264; 10.362430572509766
; 30284; 10.508004188537598
; 30304; 10.654519081115723
; 30324; 10.801884651184082
; 30344; 10.950007438659668
; 30364; 11.098793029785156
; 30384; 11.248147010803223
; 30404; 11.397976875305176
; 30424; 11.548186302185059
; 30444; 11.698681831359863
; 30464; 11.849367141723633
; 30484; 12.000147819519043
; 30504; 12.150928497314453
; 30524; 12.301613807678223
; 30544; 12.452108383178711
; 30564; 12.602317810058594
; 30584; 12.752145767211914
; 30604; 12.90149974822998
; 30624; 13.050284385681152
; 30644; 13.198405265808105
; 30664; 13.345768928527832
; 30684; 13.492282867431641
; 30704; 13.637853622436523
; 30724; 13.782390594482422
; 30744; 13.925802230834961
; 30764; 14.067996025085449
; 30784; 14.208885192871094
; 30804; 14.34837818145752
; 30824; 14.486388206481934
; 30844; 14.622827529907227
; 30864; 14.757610321044922
; 30884; 14.890651702880859
; 30904; 15.021866798400879
; 30924; 15.15117359161377
; 30944; 15.27849006652832
; 30964; 15.403735160827637
; 30984; 15.52683162689209
; 31004; 15.647699356079102
; 31024; 15.766263008117676
; 31044; 15.882448196411133
; 31064; 15.996181488037109
; 31084; 16.107391357421875
; 31104; 16.216005325317383
; 31124; 16.321956634521484
; 31144; 16.425178527832031
; 31164; 16.525606155395508
; 31184; 16.6231746673584
; 31204; 16.717823028564453
; 31224; 16.809490203857422
; 31244; 16.898120880126953
; 31264; 16.983657836914063
; 31284; 17.066047668457031
; 31304; 17.145236968994141
; 31324; 17.221176147460938
; 31344; 17.2938175201416
; 31364; 17.363115310668945
; 31384; 17.429025650024414
; 31404; 17.491506576538086
; 31424; 17.550519943237305
; 31444; 17.606025695800781
; 31464; 17.657993316650391
; 31484; 17.706384658813477
; 31504; 17.75117301940918
; 31524; 17.792327880859375
; 31544; 17.829826354980469
; 31564; 17.863639831542969
; 31584; 17.89375114440918
; 31604; 17.920139312744141
; 31624; 17.942789077758789
; 31644; 17.961685180664063
; 31664; 17.976814270019531
; 31684; 17.988170623779297
; 31704; 17.995742797851563
; 31724; 17.999528884887695
; 31744; 17.99952507019043
; 31764; 17.995731353759766
; 31784; 17.988151550292969
; 31804; 17.976789474487305
; 31824; 17.961650848388672
; 31844; 17.9427490234375
; 31864; 17.92009162902832
; 31884; 17.893695831298828
; 31904; 17.863576889038086
; 31924; 17.829755783081055
; 31944; 17.792251586914063
; 31964; 17.751089096069336
; 31984; 17.7062931060791
; 32004; 17.657894134521484
; 32024; 17.605920791625977
; 32044; 17.550407409667969
; 32064; 17.491386413574219
; 32084; 17.428899765014648
; 32104; 17.362981796264648
; 32124; 17.293678283691406
; 32144; 17.221029281616211
; 32164; 17.145084381103516
; 32184; 17.065887451171875
; 32204; 16.983491897583008
; 32224; 16.89794921875
; 32244; 16.80931282043457
; 32264; 16.71763801574707
; 32284; 16.62298583984375
; 32304; 16.525411605834961
; 32324; 16.424978256225586
; 32344; 16.321750640869141
; 32364; 16.215793609619141
; 32384; 16.107173919677734
; 32404; 15.995960235595703
; 32424; 15.882223129272461
; 32444; 15.766033172607422
; 32464; 15.647463798522949
; 32484; 15.526591300964355
; 32504; 15.403491973876953
; 32524; 15.278242111206055
; 32544; 15.150921821594238
; 32564; 15.021611213684082
; 32584; 14.890392303466797
; 32604; 14.757347106933594
; 32624; 14.622561454772949
; 32644; 14.486118316650391
; 32664; 14.348105430603027
; 32684; 14.208609580993652
; 32704; 14.067718505859375
; 32724; 13.925520896911621
; 32744; 13.782107353210449
; 32764; 13.637568473815918
; 32784; 13.491995811462402
; 32804; 13.345479965209961
; 32824; 13.198114395141602
; 32844; 13.049992561340332
; 32864; 12.901206970214844
; 32884; 12.751852035522461
; 32904; 12.602022171020508
; 32924; 12.451812744140625
; 32944; 12.30131721496582
; 32964; 12.150631904602051
; 32984; 11.999851226806641
; 33004; 11.849071502685547
; 33024; 11.698386192321777
; 33044; 11.547890663146973
; 33064; 11.397682189941406
; 33084; 11.24785327911377
; 33104; 11.098499298095703
; 33124; 10.949715614318848
; 33144; 10.801594734191895
; 33164; 10.654231071472168
; 33184; 10.507717132568359
; 33204; 10.36214542388916
; 33224; 10.217608451843262
; 33244; 10.074197769165039
; 33264; 9.9320030212402344
; 33284; 9.7911148071289063
; 33304; 9.6516208648681641
; 33324; 9.5136117935180664
; 33344; 9.377171516418457
; 33364; 9.2423887252807617
; 33384; 9.1093473434448242
; 33404; 8.9781322479248047
; 33424; 8.8488254547119141
; 33444; 8.72150993347168
; 33464; 8.5962638854980469
; 33484; 8.47316837310791
; 33504; 8.3523006439208984
; 33524; 8.2337360382080078
; 33544; 8.11755084991455
; 33564; 8.0038175582885742
; 33584; 7.8926091194152832
; 33604; 7.7839946746826172
; 33624; 7.6780428886413574
; 33644; 7.5748209953308105
; 33664; 7.47439432144165
; 33684; 7.37682580947876
; 33704; 7.2821774482727051
; 33724; 7.19050931930542
; 33744; 7.1018786430358887
; 33764; 7.0163416862487793
; 33784; 6.933952808380127
; 33804; 6.8547635078430176
; 33824; 6.7788243293762207
; 33844; 6.7061824798583984
; 33864; 6.6368846893310547
; 33884; 6.5709743499755859
; 33904; 6.5084929466247559
; 33924; 6.4494805335998535
; 33944; 6.3939733505249023
; 33964; 6.3420071601867676
; 33984; 6.2936148643493652
; 34004; 6.24882698059082
; 34024; 6.2076711654663086
; 34044; 6.1701745986938477
; 34064; 6.136359691619873
; 34084; 6.10624885559082
; 34104; 6.0798602104187012
; 34124; 6.0572109222412109
; 34144; 6.0383152961730957
; 34164; 6.0231852531433105
; 34184; 6.0118303298950195
; 34204; 6.0042576789855957
; 34224; 6.0004720687866211
; 34244; 6.0004754066467285
; 34264; 6.0042686462402344
; 34284; 6.0118489265441895
; 34304; 6.0232114791870117
; 34324; 6.0383491516113281
; 34344; 6.0572519302368164
; 34364; 6.07990837097168
; 34384; 6.1063041687011719
; 34404; 6.1364226341247559
; 34424; 6.1702446937561035
; 34444; 6.2077488899230957
; 34464; 6.2489118576049805
; 34484; 6.2937068939208984
; 34504; 6.3421063423156738
; 34524; 6.3940792083740234
; 34544; 6.4495930671691895
; 34564; 6.508613109588623
; 34584; 6.571101188659668
; 34604; 6.6370182037353516
; 34624; 6.70632266998291
; 34644; 6.7789707183837891
; 34664; 6.8549165725708008
; 34684; 6.9341120719909668
; 34704; 7.016507625579834
; 34724; 7.1020503044128418
; 34744; 7.19068717956543
; 34764; 7.2823615074157715
; 34784; 7.3770155906677246
; 34804; 7.4745893478393555
; 34824; 7.5750217437744141
; 34844; 7.6782488822937012
; 34864; 7.7842059135437012
; 34884; 7.8928260803222656
; 34904; 8.0040397644042969
; 34924; 8.1177778244018555
; 34944; 8.2339677810668945
; 34963; 8.35253620147705
; 34984; 8.4734086990356445
; 35004; 8.5965089797973633
; 35024; 8.7217588424682617
; 35043; 8.8490791320800781
; 35063; 8.9783897399902344
; 35083; 9.10960865020752
; 35103; 9.2426528930664063
; 35123; 9.3774394989013672
; 35144; 9.51388168334961
; 35163; 9.6518945693969727
; 35183; 9.7913913726806641
; 35203; 9.9322824478149414
; 35223; 10.074479103088379
; 35243; 10.217892646789551
; 35263; 10.362431526184082
; 35283; 10.508005142211914
; 35303; 10.654520988464355
; 35323; 10.801885604858398
; 35343; 10.950008392333984
; 35363; 11.098793983459473
; 35383; 11.248147964477539
; 35403; 11.397977828979492
; 35423; 11.548187255859375
; 35443; 11.69868278503418
; 35463; 11.849368095397949
; 35483; 12.000148773193359
; 35503; 12.15092945098877
; 35523; 12.301614761352539
; 35543; 12.452109336853027
; 35563; 12.60231876373291
; 35583; 12.752147674560547
; 35603; 12.901500701904297
; 35623; 13.050285339355469
; 35643; 13.198406219482422
; 35663; 13.345769882202148
; 35683; 13.492283821105957
; 35703; 13.63785457611084
; 35723; 13.782391548156738
; 35743; 13.925803184509277
; 35763; 14.067996978759766
; 35783; 14.20888614654541
; 35803; 14.348379135131836
; 35823; 14.48638916015625
; 35843; 14.622828483581543
; 35863; 14.757611274719238
; 35883; 14.890652656555176
; 35903; 15.021867752075195
; 35923; 15.151174545288086
; 35943; 15.278491020202637
; 35963; 15.403736114501953
; 35983; 15.526832580566406
; 36003; 15.647700309753418
; 36023; 15.766263961791992
; 36043; 15.882449150085449
; 36063; 15.996182441711426
; 36083; 16.107391357421875
; 36103; 16.216005325317383
; 36123; 16.321956634521484
; 36143; 16.425178527832031
; 36163; 16.525606155395508
; 36183; 16.6231746673584
; 36203; 16.717823028564453
; 36223; 16.809490203857422
; 36243; 16.898120880126953
; 36263; 16.983657836914063
; 36283; 17.066047668457031
; 36303; 17.145236968994141
; 36323; 17.221176147460938
; 36343; 17.2938175201416
; 36363; 17.363115310668945
; 36383; 17.429025650024414
; 36403; 17.491506576538086
; 36423; 17.550519943237305
; 36443; 17.606027603149414
; 36463; 17.657993316650391
; 36483; 17.706384658813477
; 36503; 17.75117301940918
; 36523; 17.792327880859375
; 36543; 17.829826354980469
; 36563; 17.863639831542969
; 36583; 17.89375114440918
; 36603; 17.920139312744141
; 36623; 17.942789077758789
; 36643; 17.961685180664063
; 36663; 17.976814270019531
; 36683; 17.988170623779297
; 36703; 17.995742797851563
; 36723; 17.999528884887695
; 36743; 17.99952507019043
; 36763; 17.995731353759766
; 36783; 17.988151550292969
; 36803; 17.976789474487305
; 36823; 17.961650848388672
; 36843; 17.942747116088867
; 36863; 17.92009162902832
; 36883; 17.893695831298828
; 36903; 17.863576889038086
; 36923; 17.829755783081055
; 36943; 17.792251586914063
; 36963; 17.751089096069336
; 36983; 17.7062931060791
; 37003; 17.657894134521484
; 37023; 17.605920791625977
; 37043; 17.550407409667969
; 37063; 17.491386413574219
; 37083; 17.428897857666016
; 37103; 17.362981796264648
; 37123; 17.293676376342773
; 37143; 17.221029281616211
; 37163; 17.145082473754883
; 37183; 17.065887451171875
; 37203; 16.983491897583008
; 37223; 16.89794921875
; 37243; 16.80931282043457
; 37263; 16.71763801574707
; 37283; 16.622983932495117
; 37303; 16.525409698486328
; 37323; 16.424978256225586
; 37343; 16.321750640869141
; 37363; 16.215793609619141
; 37383; 16.107173919677734
; 37403; 15.995960235595703
; 37423; 15.882222175598145
; 37443; 15.766032218933105
; 37463; 15.647462844848633
; 37483; 15.526590347290039
; 37503; 15.403491020202637
; 37523; 15.278241157531738
; 37543; 15.150920867919922
; 37563; 15.021610260009766
; 37583; 14.89039134979248
; 37603; 14.757346153259277
; 37623; 14.622560501098633
; 37643; 14.486117362976074
; 37663; 14.348104476928711
; 37683; 14.208608627319336
; 37703; 14.067717552185059
; 37723; 13.925519943237305
; 37743; 13.782106399536133
; 37763; 13.637567520141602
; 37783; 13.491994857788086
; 37803; 13.345479011535645
; 37823; 13.198113441467285
; 37843; 13.049991607666016
; 37863; 12.901206016540527
; 37883; 12.751851081848145
; 37903; 12.602021217346191
; 37923; 12.451811790466309
; 37943; 12.301316261291504
; 37963; 12.150630950927734
; 37983; 11.999850273132324
; 38003; 11.849069595336914
; 38023; 11.698385238647461
; 38043; 11.547889709472656
; 38063; 11.39768123626709
; 38083; 11.247852325439453
; 38103; 11.098498344421387
; 38123; 10.949714660644531
; 38143; 10.801593780517578
; 38163; 10.654230117797852
; 38183; 10.507716178894043
; 38203; 10.362144470214844
; 38223; 10.217607498168945
; 38243; 10.074196815490723
; 38263; 9.932002067565918
; 38283; 9.79111385345459
; 38303; 9.6516199111938477
; 38323; 9.51361083984375
; 38343; 9.37717056274414
; 38363; 9.2423877716064453
; 38383; 9.1093473434448242
; 38403; 8.9781312942504883
; 38423; 8.8488245010375977
; 38443; 8.7215089797973633
; 38463; 8.59626293182373
; 38483; 8.4731674194335938
; 38503; 8.352299690246582
; 38523; 8.2337350845336914
; 38543; 8.1175498962402344
; 38564; 8.0038175582885742
; 38583; 7.8926081657409668
; 38603; 7.7839937210083008
; 38623; 7.678041934967041
; 38643; 7.5748200416564941
; 38663; 7.474393367767334
; 38683; 7.3768253326416016
; 38703; 7.2821769714355469
; 38723; 7.1905088424682617
; 38743; 7.1018781661987305
; 38763; 7.0163412094116211
; 38783; 6.9339523315429688
; 38803; 6.8547630310058594
; 38823; 6.7788238525390625
; 38843; 6.70618200302124
; 38863; 6.6368842124938965
; 38883; 6.5709738731384277
; 38903; 6.5084924697875977
; 38923; 6.4494800567626953
; 38943; 6.3939728736877441
; 38963; 6.3420071601867676
; 38983; 6.2936148643493652
; 39003; 6.2488265037536621
; 39023; 6.2076711654663086
; 39043; 6.1701741218566895
; 39063; 6.136359691619873
; 39083; 6.1062483787536621
; 39103; 6.0798602104187012
; 39123; 6.0572109222412109
; 39143; 6.0383152961730957
; 39163; 6.0231852531433105
; 39183; 6.0118303298950195
; 39203; 6.0042576789855957
; 39223; 6.0004720687866211
; 39243; 6.0004754066467285
; 39263; 6.0042686462402344
; 39283; 6.0118489265441895
; 39303; 6.0232114791870117
; 39323; 6.0383491516113281
; 39343; 6.0572519302368164
; 39363; 6.0799088478088379
; 39383; 6.10630464553833
; 39403; 6.1364231109619141
; 39423; 6.1702451705932617
; 39443; 6.2077493667602539
; 39463; 6.2489118576049805
; 39483; 6.2937073707580566
; 39503; 6.342106819152832
; 39523; 6.3940796852111816
; 39543; 6.4495935440063477
; 39563; 6.508613109588623
; 39583; 6.5711016654968262
; 39603; 6.63701868057251
; 39623; 6.7063231468200684
; 39643; 6.7789711952209473
; 39663; 6.854917049407959
; 39683; 6.934112548828125
; 39703; 7.0165081024169922
; 39723; 7.1020512580871582
; 39743; 7.1906876564025879
; 39763; 7.28236198425293
; 39783; 7.3770160675048828
; 39803; 7.4745903015136719
; 39823; 7.5750226974487305
; 39843; 7.6782498359680176
; 39863; 7.7842068672180176
; 39883; 7.8928265571594238
; 39903; 8.0040407180786133
; 39923; 8.1177787780761719
; 39943; 8.2339687347412109
; 39963; 8.3525371551513672
; 39983; 8.4734096527099609
; 40003; 8.59650993347168
; 40023; 8.7217597961425781
; 40043; 8.8490800857543945
; 40063; 8.97839069366455
; 40083; 9.1096096038818359
; 40103; 9.2426538467407227
; 40123; 9.3774404525756836
; 40143; 9.5138826370239258
; 40163; 9.6518955230712891
; 40183; 9.79139232635498
; 40203; 9.9322834014892578
; 40223; 10.074480056762695
; 40243; 10.217893600463867
; 40263; 10.362432479858398
; 40283; 10.50800609588623
; 40303; 10.654521942138672
; 40323; 10.801887512207031
; 40343; 10.9500093460083
; 40363; 11.098794937133789
; 40383; 11.248149871826172
; 40403; 11.397978782653809
; 40423; 11.548189163208008
; 40443; 11.698683738708496
; 40463; 11.849369049072266
; 40483; 12.000149726867676
; 40503; 12.150930404663086
; 40523; 12.301615715026855
; 40543; 12.452110290527344
; 40563; 12.602319717407227
; 40583; 12.752148628234863
; 40603; 12.901501655578613
; 40623; 13.050286293029785
; 40643; 13.198407173156738
; 40663; 13.345770835876465
; 40683; 13.492284774780273
; 40703; 13.637855529785156
; 40723; 13.782392501831055
; 40743; 13.925804138183594
; 40763; 14.067998886108398
; 40783; 14.208887100219727
; 40803; 14.348380088806152
; 40823; 14.486390113830566
; 40843; 14.622829437255859
; 40863; 14.757612228393555
; 40883; 14.890653610229492
; 40903; 15.021868705749512
; 40923; 15.151175498962402
; 40943; 15.278491973876953
; 40963; 15.40373706817627
; 40983; 15.526832580566406
; 41003; 15.647701263427734
; 41023; 15.766264915466309
; 41043; 15.882450103759766
; 41063; 15.996183395385742
; 41083; 16.107391357421875
; 41103; 16.216007232666016
; 41123; 16.321958541870117
; 41143; 16.425180435180664
; 41163; 16.525606155395508
; 41183; 16.6231746673584
; 41203; 16.717823028564453
; 41223; 16.809492111206055
; 41243; 16.898122787475586
; 41263; 16.983659744262695
; 41283; 17.066047668457031
; 41303; 17.145236968994141
; 41323; 17.221176147460938
; 41343; 17.2938175201416
; 41363; 17.363115310668945
; 41383; 17.429025650024414
; 41403; 17.491508483886719
; 41423; 17.550519943237305
; 41443; 17.606027603149414
; 41463; 17.657993316650391
; 41483; 17.706384658813477
; 41503; 17.75117301940918
; 41523; 17.792329788208008
; 41542; 17.829826354980469
; 41562; 17.863639831542969
; 41582; 17.89375114440918
; 41603; 17.920139312744141
; 41622; 17.942789077758789
; 41643; 17.961685180664063
; 41663; 17.976814270019531
; 41683; 17.988170623779297
; 41702; 17.995742797851563
; 41722; 17.999528884887695
; 41742; 17.99952507019043
; 41762; 17.995731353759766
; 41782; 17.988151550292969
; 41802; 17.976787567138672
; 41822; 17.961650848388672
; 41842; 17.942747116088867
; 41862; 17.92009162902832
; 41882; 17.893695831298828
; 41902; 17.863576889038086
; 41922; 17.829755783081055
; 41942; 17.79224967956543
; 41962; 17.751087188720703
; 41982; 17.7062931060791
; 42002; 17.657892227172852
; 42022; 17.605920791625977
; 42042; 17.550405502319336
; 42062; 17.491386413574219
; 42082; 17.428897857666016
; 42102; 17.362981796264648
; 42122; 17.293676376342773
; 42142; 17.221029281616211
; 42164; 17.145082473754883
; 42183; 17.065887451171875
; 42203; 16.983491897583008
; 42223; 16.89794921875
; 42243; 16.80931282043457
; 42263; 16.71763801574707
; 42283; 16.622983932495117
; 42303; 16.525409698486328
; 42323; 16.424976348876953
; 42343; 16.321750640869141
; 42363; 16.215793609619141
; 42383; 16.107173919677734
; 42403; 15.995959281921387
; 42423; 15.882221221923828
; 42443; 15.766031265258789
; 42463; 15.647461891174316
; 42483; 15.526589393615723
; 42503; 15.40349006652832
; 42523; 15.278240203857422
; 42543; 15.150919914245605
; 42563; 15.021609306335449
; 42583; 14.890390396118164
; 42603; 14.757345199584961
; 42623; 14.622559547424316
; 42643; 14.486116409301758
; 42663; 14.348103523254395
; 42683; 14.20860767364502
; 42703; 14.067716598510742
; 42723; 13.925518989562988
; 42743; 13.782105445861816
; 42763; 13.637566566467285
; 42783; 13.49199390411377
; 42803; 13.345478057861328
; 42823; 13.198112487792969
; 42843; 13.049989700317383
; 42863; 12.901205062866211
; 42883; 12.751850128173828
; 42903; 12.602020263671875
; 42923; 12.451810836791992
; 42943; 12.301315307617188
; 42963; 12.150629997253418
; 42983; 11.999849319458008
; 43003; 11.849068641662598
; 43023; 11.698383331298828
; 43043; 11.54788875579834
; 43063; 11.397680282592773
; 43083; 11.247851371765137
; 43103; 11.09849739074707
; 43123; 10.949713706970215
; 43143; 10.801592826843262
; 43163; 10.654229164123535
; 43183; 10.507715225219727
; 43203; 10.362143516540527
; 43223; 10.217606544494629
; 43243; 10.074195861816406
; 43263; 9.9320011138916016
; 43283; 9.7911128997802734
; 43303; 9.6516189575195313
; 43323; 9.5136098861694336
; 43343; 9.3771696090698242
; 43363; 9.2423868179321289
; 43383; 9.1093463897705078
; 43403; 8.9781303405761719
; 43423; 8.8488245010375977
; 43443; 8.7215080261230469
; 43463; 8.5962619781494141
; 43483; 8.4731664657592773
; 43503; 8.3522987365722656
; 43523; 8.233734130859375
; 43543; 8.117548942565918
; 43563; 8.0038166046142578
; 43583; 7.8926076889038086
; 43603; 7.7839927673339844
; 43623; 7.6780414581298828
; 43643; 7.5748195648193359
; 43663; 7.4743928909301758
; 43683; 7.3768243789672852
; 43703; 7.2821764945983887
; 43723; 7.1905078887939453
; 43743; 7.1018776893615723
; 43763; 7.0163407325744629
; 43783; 6.9339518547058105
; 43803; 6.8547625541687012
; 43823; 6.7788233757019043
; 43843; 6.706181526184082
; 43863; 6.6368837356567383
; 43883; 6.5709733963012695
; 43903; 6.5084924697875977
; 43923; 6.4494795799255371
; 43943; 6.3939723968505859
; 43963; 6.3420066833496094
; 43983; 6.293614387512207
; 44003; 6.2488265037536621
; 44023; 6.20767068862915
; 44043; 6.1701741218566895
; 44063; 6.1363592147827148
; 44083; 6.1062483787536621
; 44103; 6.079859733581543
; 44123; 6.0572104454040527
; 44143; 6.0383152961730957
; 44163; 6.0231852531433105
; 44183; 6.0118303298950195
; 44203; 6.0042576789855957
; 44223; 6.0004720687866211
; 44243; 6.0004754066467285
; 44263; 6.0042686462402344
; 44283; 6.0118489265441895
; 44303; 6.0232114791870117
; 44323; 6.0383491516113281
; 44343; 6.0572524070739746
; 44363; 6.0799088478088379
; 44383; 6.10630464553833
; 44403; 6.1364231109619141
; 44423; 6.1702451705932617
; 44443; 6.2077493667602539
; 44463; 6.2489123344421387
; 44483; 6.2937073707580566
; 44503; 6.342106819152832
; 44523; 6.39408016204834
; 44543; 6.4495940208435059
; 44563; 6.5086135864257813
; 44583; 6.5711021423339844
; 44603; 6.637019157409668
; 44623; 6.7063236236572266
; 44643; 6.7789716720581055
; 44663; 6.8549175262451172
; 44683; 6.9341135025024414
; 44703; 7.01650857925415
; 44723; 7.1020517349243164
; 44743; 7.1906881332397461
; 44763; 7.2823624610900879
; 44783; 7.377016544342041
; 44803; 7.47459077835083
; 44823; 7.5750231742858887
; 44843; 7.6782503128051758
; 44863; 7.7842073440551758
; 44883; 7.89282751083374
; 44903; 8.00404167175293
; 44923; 8.1177797317504883
; 44943; 8.2339696884155273
; 44963; 8.3525381088256836
; 44983; 8.4734106063842773
; 45003; 8.5965108871459961
; 45023; 8.7217607498168945
; 45043; 8.8490810394287109
; 45063; 8.9783916473388672
; 45083; 9.1096105575561523
; 45103; 9.2426548004150391
; 45123; 9.37744140625
; 45143; 9.5138835906982422
; 45163; 9.6518974304199219
; 45183; 9.7913932800292969
; 45203; 9.9322843551635742
; 45223; 10.074481010437012
; 45243; 10.217894554138184
; 45263; 10.362433433532715
; 45283; 10.508007049560547
; 45303; 10.654522895812988
; 45323; 10.801888465881348
; 45343; 10.950010299682617
; 45363; 11.098795890808105
; 45383; 11.248150825500488
; 45403; 11.397979736328125
; 45423; 11.548190116882324
; 45443; 11.698684692382813
; 45463; 11.849370002746582
; 45483; 12.000150680541992
; 45503; 12.150931358337402
; 45523; 12.301616668701172
; 45543; 12.45211124420166
; 45563; 12.602320671081543
; 45583; 12.75214958190918
; 45603; 12.90150260925293
; 45623; 13.050287246704102
; 45643; 13.198408126831055
; 45663; 13.345771789550781
; 45683; 13.49228572845459
; 45703; 13.637857437133789
; 45723; 13.782393455505371
; 45743; 13.92580509185791
; 45763; 14.067999839782715
; 45783; 14.208888053894043
; 45803; 14.348381042480469
; 45823; 14.486391067504883
; 45843; 14.622830390930176
; 45863; 14.757613182067871
; 45883; 14.890654563903809
; 45903; 15.021869659423828
; 45923; 15.151176452636719
; 45943; 15.27849292755127
; 45963; 15.403738021850586
; 45983; 15.526833534240723
; 46003; 15.647702217102051
; 46023; 15.766265869140625
; 46043; 15.882451057434082
; 46063; 15.996184349060059
; 46083; 16.107393264770508
; 46103; 16.216007232666016
; 46123; 16.321958541870117
; 46143; 16.425180435180664
; 46163; 16.525608062744141
; 46183; 16.623176574707031
; 46203; 16.717824935913086
; 46223; 16.809492111206055
; 46243; 16.898122787475586
; 46263; 16.983659744262695
; 46283; 17.066047668457031
; 46303; 17.145236968994141
; 46323; 17.221176147460938
; 46343; 17.293819427490234
; 46363; 17.363117218017578
; 46383; 17.429027557373047
; 46403; 17.491508483886719
; 46423; 17.550519943237305
; 46443; 17.606027603149414
; 46463; 17.657993316650391
; 46483; 17.706386566162109
; 46503; 17.75117301940918
; 46523; 17.792329788208008
; 46543; 17.829826354980469
; 46563; 17.8636417388916
; 46583; 17.89375114440918
; 46603; 17.920141220092773
; 46623; 17.942789077758789
; 46643; 17.961685180664063
; 46663; 17.976814270019531
; 46683; 17.988170623779297
; 46703; 17.995742797851563
; 46723; 17.999528884887695
; 46743; 17.99952507019043
; 46763; 17.995731353759766
; 46783; 17.988151550292969
; 46803; 17.976787567138672
; 46823; 17.961650848388672
; 46843; 17.942747116088867
; 46863; 17.92009162902832
; 46883; 17.893695831298828
; 46903; 17.863576889038086
; 46923; 17.829753875732422
; 46943; 17.79224967956543
; 46963; 17.751087188720703
; 46983; 17.7062931060791
; 47003; 17.657892227172852
; 47023; 17.605918884277344
; 47043; 17.550405502319336
; 47063; 17.491386413574219
; 47083; 17.428897857666016
; 47103; 17.362979888916016
; 47123; 17.293676376342773
; 47143; 17.221027374267578
; 47163; 17.145082473754883
; 47183; 17.065885543823242
; 47203; 16.983491897583008
; 47223; 16.897947311401367
; 47243; 16.809310913085938
; 47263; 16.717636108398438
; 47283; 16.622982025146484
; 47303; 16.525409698486328
; 47323; 16.424976348876953
; 47343; 16.321748733520508
; 47363; 16.215791702270508
; 47383; 16.1071720123291
; 47403; 15.99595832824707
; 47423; 15.882220268249512
; 47443; 15.766030311584473
; 47463; 15.647461891174316
; 47483; 15.526589393615723
; 47503; 15.403489112854004
; 47523; 15.278239250183105
; 47543; 15.150918960571289
; 47563; 15.021608352661133
; 47583; 14.890389442443848
; 47603; 14.757344245910645
; 47623; 14.62255859375
; 47643; 14.486115455627441
; 47663; 14.348102569580078
; 47683; 14.208606719970703
; 47703; 14.067715644836426
; 47723; 13.925518035888672
; 47743; 13.7821044921875
; 47763; 13.637565612792969
; 47783; 13.491992950439453
; 47803; 13.345477104187012
; 47823; 13.198111534118652
; 47843; 13.049988746643066
; 47863; 12.901204109191895
; 47883; 12.751849174499512
; 47903; 12.602019309997559
; 47923; 12.451809883117676
; 47943; 12.301314353942871
; 47963; 12.150629043579102
; 47983; 11.999848365783691
; 48003; 11.849067687988281
; 48023; 11.698382377624512
; 48043; 11.547887802124023
; 48063; 11.397679328918457
; 48083; 11.24785041809082
; 48103; 11.098496437072754
; 48123; 10.949712753295898
; 48142; 10.801591873168945
; 48163; 10.654227256774902
; 48183; 10.50771427154541
; 48202; 10.362142562866211
; 48222; 10.217605590820313
; 48242; 10.07419490814209
; 48263; 9.9320001602172852
; 48282; 9.791111946105957
; 48302; 9.6516180038452148
; 48323; 9.5136089324951172
; 48342; 9.3771686553955078
; 48362; 9.2423858642578125
; 48382; 9.1093454360961914
; 48402; 8.9781293869018555
; 48422; 8.8488235473632813
; 48442; 8.72150707244873
; 48462; 8.5962610244750977
; 48482; 8.4731655120849609
; 48502; 8.35229778289795
; 48522; 8.233734130859375
; 48542; 8.117548942565918
; 48562; 8.0038156509399414
; 48582; 7.8926067352294922
; 48602; 7.7839922904968262
; 48622; 7.6780405044555664
; 48642; 7.5748186111450195
; 48662; 7.4743919372558594
; 48682; 7.376823902130127
; 48702; 7.2821755409240723
; 48722; 7.1905074119567871
; 48742; 7.1018767356872559
; 48762; 7.0163402557373047
; 48782; 6.9339509010314941
; 48802; 6.854762077331543
; 48822; 6.7788228988647461
; 48842; 6.7061810493469238
; 48862; 6.63688325881958
; 48882; 6.5709729194641113
; 48902; 6.5084919929504395
; 48922; 6.4494791030883789
; 48942; 6.3939723968505859
; 48962; 6.3420062065124512
; 48982; 6.2936139106750488
; 49002; 6.2488260269165039
; 49022; 6.20767068862915
; 49042; 6.1701736450195313
; 49062; 6.1363592147827148
; 49082; 6.1062479019165039
; 49102; 6.079859733581543
; 49122; 6.0572104454040527
; 49142; 6.0383148193359375
; 49162; 6.0231847763061523
; 49182; 6.0118303298950195
; 49202; 6.0042576789855957
; 49222; 6.0004715919494629
; 49243; 6.0004754066467285
; 49263; 6.0042691230773926
; 49283; 6.0118494033813477
; 49303; 6.0232114791870117
; 49323; 6.0383491516113281
; 49343; 6.0572524070739746
; 49363; 6.0799088478088379
; 49383; 6.1063051223754883
; 49403; 6.1364235877990723
; 49423; 6.17024564743042
; 49443; 6.2077498435974121
; 49463; 6.2489123344421387
; 49483; 6.2937078475952148
; 49503; 6.34210729598999
; 49523; 6.394080638885498
; 49543; 6.4495944976806641
; 49563; 6.5086140632629395
; 49583; 6.5711021423339844
; 49603; 6.6370196342468262
; 49623; 6.7063241004943848
; 49643; 6.7789721488952637
; 49663; 6.8549180030822754
; 49683; 6.9341139793396
; 49703; 7.0165090560913086
; 49723; 7.1020522117614746
; 49743; 7.1906890869140625
; 49763; 7.2823634147644043
; 49783; 7.3770174980163574
; 49803; 7.4745917320251465
; 49823; 7.5750241279602051
; 49843; 7.6782512664794922
; 49863; 7.7842082977294922
; 49883; 7.8928279876708984
; 49903; 8.0040426254272461
; 49923; 8.1177797317504883
; 49943; 8.2339696884155273
; 49963; 8.3525390625
; 49983; 8.4734115600585938
; 50003; 8.5965118408203125
; 50023; 8.7217617034912109
; 50043; 8.8490819931030273
; 50063; 8.9783926010131836
; 50083; 9.1096115112304688
; 50103; 9.2426557540893555
; 50123; 9.3774423599243164
; 50143; 9.5138845443725586
; 50163; 9.6518983840942383
; 50183; 9.7913942337036133
; 50203; 9.93228530883789
; 50223; 10.074481964111328
; 50243; 10.2178955078125
; 50263; 10.362434387207031
; 50283; 10.508008003234863
; 50303; 10.654523849487305
; 50323; 10.801889419555664
; 50343; 10.950011253356934
; 50363; 11.098796844482422
; 50383; 11.248151779174805
; 50403; 11.397980690002441
; 50423; 11.548191070556641
; 50443; 11.698685646057129
; 50463; 11.849371910095215
; 50483; 12.000152587890625
; 50503; 12.150932312011719
; 50523; 12.301617622375488
; 50543; 12.452112197875977
; 50563; 12.602321624755859
; 50583; 12.752150535583496
; 50603; 12.901503562927246
; 50623; 13.050288200378418
; 50643; 13.198409080505371
; 50663; 13.345772743225098
; 50683; 13.492286682128906
; 50703; 13.637858390808105
; 50723; 13.782394409179688
; 50743; 13.925806045532227
; 50763; 14.068000793457031
; 50783; 14.208889007568359
; 50803; 14.348381996154785
; 50823; 14.4863920211792
; 50843; 14.622831344604492
; 50863; 14.757614135742188
; 50883; 14.890655517578125
; 50903; 15.021870613098145
; 50923; 15.151177406311035
; 50943; 15.278493881225586
; 50963; 15.403738975524902
; 50983; 15.526834487915039
; 51003; 15.647702217102051
; 51023; 15.766266822814941
; 51043; 15.882452011108398
; 51063; 15.996184349060059
; 51083; 16.107393264770508
; 51103; 16.216007232666016
; 51123; 16.32196044921875
; 51143; 16.425182342529297
; 51163; 16.525608062744141
; 51183; 16.623176574707031
; 51203; 16.717824935913086
; 51223; 16.809492111206055
; 51243; 16.898122787475586
; 51263; 16.983659744262695
; 51283; 17.066049575805664
; 51303; 17.145238876342773
; 51323; 17.22117805480957
; 51343; 17.293819427490234
; 51363; 17.363117218017578
; 51383; 17.429027557373047
; 51403; 17.491508483886719
; 51423; 17.550521850585938
; 51443; 17.606027603149414
; 51463; 17.657993316650391
; 51483; 17.706386566162109
; 51503; 17.751174926757813
; 51523; 17.792329788208008
; 51543; 17.829826354980469
; 51563; 17.8636417388916
; 51583; 17.89375114440918
; 51603; 17.920141220092773
; 51623; 17.942789077758789
; 51643; 17.961685180664063
; 51663; 17.976814270019531
; 51683; 17.988170623779297
; 51703; 17.995742797851563
; 51723; 17.999528884887695
; 51743; 17.99952507019043
; 51763; 17.995731353759766
; 51783; 17.988151550292969
; 51803; 17.976787567138672
; 51823; 17.961650848388672
; 51843; 17.942747116088867
; 51863; 17.92009162902832
; 51883; 17.893695831298828
; 51903; 17.863576889038086
; 51923; 17.829753875732422
; 51943; 17.79224967956543
; 51963; 17.751087188720703
; 51983; 17.706291198730469
; 52003; 17.657892227172852
; 52023; 17.605918884277344
; 52043; 17.550405502319336
; 52063; 17.491386413574219
; 52083; 17.428897857666016
; 52103; 17.362979888916016
; 52123; 17.293676376342773
; 52143; 17.221027374267578
; 52163; 17.14508056640625
; 52183; 17.065885543823242
; 52203; 16.983489990234375
; 52223; 16.897947311401367
; 52243; 16.809310913085938
; 52263; 16.717636108398438
; 52283; 16.622982025146484
; 52303; 16.525407791137695
; 52323; 16.424976348876953
; 52343; 16.321748733520508
; 52363; 16.215791702270508
; 52383; 16.1071720123291
; 52403; 15.995957374572754
; 52423; 15.882219314575195
; 52443; 15.766029357910156
; 52463; 15.6474609375
; 52483; 15.526588439941406
; 52503; 15.403488159179688
; 52523; 15.278238296508789
; 52543; 15.150918006896973
; 52563; 15.021607398986816
; 52583; 14.890388488769531
; 52603; 14.757343292236328
; 52623; 14.622557640075684
; 52643; 14.486114501953125
; 52663; 14.348101615905762
; 52683; 14.208605766296387
; 52703; 14.067714691162109
; 52723; 13.925517082214355
; 52743; 13.782103538513184
; 52763; 13.637564659118652
; 52783; 13.49199104309082
; 52803; 13.345476150512695
; 52823; 13.198110580444336
; 52843; 13.04998779296875
; 52863; 12.901202201843262
; 52883; 12.751848220825195
; 52903; 12.602018356323242
; 52923; 12.451808929443359
; 52943; 12.301313400268555
; 52963; 12.150628089904785
; 52983; 11.999847412109375
; 53003; 11.849066734313965
; 53023; 11.698381423950195
; 53043; 11.547886848449707
; 53063; 11.397677421569824
; 53083; 11.247849464416504
; 53103; 11.098495483398438
; 53123; 10.949711799621582
; 53143; 10.801590919494629
; 53163; 10.654226303100586
; 53183; 10.507712364196777
; 53203; 10.362141609191895
; 53223; 10.217604637145996
; 53243; 10.074193954467773
; 53263; 9.9319992065429688
; 53283; 9.79111099243164
; 53303; 9.6516170501708984
; 53323; 9.5136079788208
; 53343; 9.3771677017211914
; 53363; 9.2423849105834961
; 53383; 9.109344482421875
; 53403; 8.9781284332275391
; 53423; 8.8488225936889648
; 53443; 8.7215061187744141
; 53463; 8.5962600708007813
; 53483; 8.4731645584106445
; 53503; 8.3522968292236328
; 53523; 8.2337331771850586
; 53543; 8.1175479888916016
; 53563; 8.003814697265625
; 53583; 7.8926057815551758
; 53603; 7.78399133682251
; 53623; 7.6780400276184082
; 53643; 7.5748181343078613
; 53663; 7.4743914604187012
; 53683; 7.3768229484558105
; 53703; 7.2821750640869141
; 53723; 7.1905069351196289
; 53743; 7.1018762588500977
; 53763; 7.0163393020629883
; 53783; 6.9339504241943359
; 53803; 6.8547616004943848
; 53823; 6.77882194519043
; 53843; 6.7061805725097656
; 53863; 6.6368827819824219
; 53883; 6.5709724426269531
; 53903; 6.5084915161132813
; 53923; 6.4494786262512207
; 53943; 6.3939719200134277
; 53963; 6.342005729675293
; 53983; 6.2936134338378906
; 54003; 6.2488255500793457
; 54023; 6.2076702117919922
; 54043; 6.1701736450195313
; 54063; 6.1363587379455566
; 54083; 6.1062479019165039
; 54103; 6.0798592567443848
; 54123; 6.0572104454040527
; 54143; 6.0383148193359375
; 54163; 6.0231847763061523
; 54183; 6.0118298530578613
; 54203; 6.0042572021484375
; 54223; 6.0004715919494629
; 54243; 6.0004758834838867
; 54263; 6.0042691230773926
; 54283; 6.0118494033813477
; 54303; 6.02321195602417
; 54323; 6.0383496284484863
; 54343; 6.0572524070739746
; 54363; 6.0799093246459961
; 54383; 6.1063051223754883
; 54403; 6.1364235877990723
; 54423; 6.17024564743042
; 54443; 6.2077498435974121
; 54463; 6.2489128112792969
; 54483; 6.293708324432373
; 54503; 6.3421077728271484
; 54523; 6.394080638885498
; 54543; 6.4495949745178223
; 54563; 6.5086145401000977
; 54583; 6.5711026191711426
; 54603; 6.6370201110839844
; 54623; 6.706324577331543
; 54643; 6.7789726257324219
; 54662; 6.8549189567565918
; 54683; 6.9341144561767578
; 54703; 7.016510009765625
; 54723; 7.1020526885986328
; 54743; 7.1906895637512207
; 54762; 7.2823638916015625
; 54782; 7.3770179748535156
; 54802; 7.4745922088623047
; 54822; 7.5750246047973633
; 54842; 7.6782522201538086
; 54862; 7.7842092514038086
; 54882; 7.8928289413452148
; 54902; 8.0040426254272461
; 54922; 8.1177806854248047
; 54942; 8.2339706420898438
; 54962; 8.3525400161743164
; 54982; 8.47341251373291
; 55002; 8.5965127944946289
; 55022; 8.7217617034912109
; 55042; 8.8490829467773438
; 55062; 8.9783926010131836
; 55082; 9.1096124649047852
; 55102; 9.2426567077636719
; 55122; 9.3774433135986328
; 55142; 9.513885498046875
; 55162; 9.6518993377685547
; 55182; 9.79139518737793
; 55202; 9.932286262512207
; 55222; 10.074482917785645
; 55242; 10.217896461486816
; 55262; 10.362435340881348
; 55282; 10.50800895690918
; 55302; 10.654524803161621
; 55322; 10.80189037322998
; 55342; 10.95001220703125
; 55362; 11.098797798156738
; 55382; 11.248152732849121
; 55402; 11.397981643676758
; 55422; 11.548192024230957
; 55442; 11.698686599731445
; 55462; 11.849372863769531
; 55482; 12.000153541564941
; 55502; 12.150933265686035
; 55522; 12.301618576049805
; 55542; 12.452113151550293
; 55562; 12.602322578430176
; 55582; 12.752151489257813
; 55602; 12.901504516601563
; 55622; 13.050289154052734
; 55642; 13.198410034179688
; 55662; 13.345773696899414
; 55682; 13.492287635803223
; 55702; 13.637859344482422
; 55722; 13.782395362854004
; 55742; 13.925806999206543
; 55762; 14.068001747131348
; 55782; 14.208889961242676
; 55802; 14.348382949829102
; 55822; 14.486392974853516
; 55842; 14.622832298278809
; 55862; 14.757615089416504
; 55882; 14.890656471252441
; 55902; 15.021871566772461
; 55922; 15.151178359985352
; 55942; 15.278494834899902
; 55962; 15.403739929199219
; 55982; 15.526835441589355
; 56002; 15.647703170776367
; 56022; 15.766267776489258
; 56042; 15.882452964782715
; 56062; 15.996185302734375
; 56082; 16.107395172119141
; 56102; 16.216009140014648
; 56122; 16.32196044921875
; 56142; 16.425182342529297
; 56162; 16.525608062744141
; 56182; 16.623176574707031
; 56202; 16.717824935913086
; 56222; 16.809494018554688
; 56242; 16.898124694824219
; 56262; 16.983661651611328
; 56282; 17.066049575805664
; 56302; 17.145238876342773
; 56322; 17.22117805480957
; 56342; 17.293819427490234
; 56362; 17.363117218017578
; 56382; 17.429027557373047
; 56402; 17.491508483886719
; 56422; 17.550521850585938
; 56442; 17.606027603149414
; 56462; 17.657993316650391
; 56482; 17.706386566162109
; 56502; 17.751174926757813
; 56522; 17.792329788208008
; 56542; 17.829826354980469
; 56562; 17.8636417388916
; 56582; 17.893753051757813
; 56602; 17.920141220092773
; 56622; 17.942789077758789
; 56642; 17.961685180664063
; 56662; 17.976814270019531
; 56682; 17.988170623779297
; 56702; 17.995742797851563
; 56722; 17.999528884887695
; 56742; 17.99952507019043
; 56762; 17.995731353759766
; 56782; 17.988151550292969
; 56802; 17.976787567138672
; 56822; 17.961650848388672
; 56842; 17.942747116088867
; 56862; 17.92009162902832
; 56882; 17.893693923950195
; 56902; 17.863576889038086
; 56922; 17.829753875732422
; 56942; 17.79224967956543
; 56962; 17.751087188720703
; 56982; 17.706291198730469
; 57002; 17.657892227172852
; 57022; 17.605918884277344
; 57042; 17.550405502319336
; 57062; 17.491384506225586
; 57082; 17.428897857666016
; 57102; 17.362979888916016
; 57122; 17.293674468994141
; 57142; 17.221027374267578
; 57162; 17.14508056640625
; 57182; 17.065885543823242
; 57202; 16.983489990234375
; 57222; 16.897947311401367
; 57242; 16.809310913085938
; 57262; 16.717636108398438
; 57282; 16.622982025146484
; 57302; 16.525407791137695
; 57322; 16.42497444152832
; 57342; 16.321746826171875
; 57362; 16.215789794921875
; 57382; 16.107170104980469
; 57402; 15.995956420898438
; 57422; 15.882218360900879
; 57442; 15.76602840423584
; 57462; 15.647459983825684
; 57482; 15.52658748626709
; 57502; 15.403487205505371
; 57522; 15.278237342834473
; 57542; 15.150917053222656
; 57562; 15.0216064453125
; 57582; 14.890387535095215
; 57602; 14.757342338562012
; 57622; 14.622556686401367
; 57642; 14.486113548278809
; 57662; 14.348100662231445
; 57682; 14.20860481262207
; 57702; 14.067713737487793
; 57722; 13.925516128540039
; 57742; 13.782102584838867
; 57762; 13.637563705444336
; 57782; 13.491990089416504
; 57802; 13.345475196838379
; 57822; 13.19810962677002
; 57842; 13.049986839294434
; 57862; 12.901201248168945
; 57882; 12.751847267150879
; 57902; 12.602017402648926
; 57922; 12.451807975769043
; 57942; 12.301312446594238
; 57962; 12.150627136230469
; 57982; 11.999846458435059
; 58002; 11.849065780639648
; 58022; 11.698380470275879
; 58042; 11.547885894775391
; 58062; 11.397676467895508
; 58082; 11.247848510742188
; 58102; 11.098494529724121
; 58122; 10.949709892272949
; 58142; 10.801589965820313
; 58162; 10.65422534942627
; 58182; 10.507711410522461
; 58202; 10.362140655517578
; 58222; 10.21760368347168
; 58242; 10.074193000793457
; 58262; 9.9319982528686523
; 58282; 9.7911100387573242
; 58302; 9.651616096496582
; 58322; 9.5136070251464844
; 58342; 9.377166748046875
; 58362; 9.24238395690918
; 58382; 9.1093435287475586
; 58402; 8.9781274795532227
; 58422; 8.8488216400146484
; 58442; 8.7215051651000977
; 58462; 8.5962600708007813
; 58482; 8.4731636047363281
; 58502; 8.3522958755493164
; 58522; 8.2337322235107422
; 58542; 8.1175470352172852
; 58562; 8.0038137435913086
; 58582; 7.8926053047180176
; 58602; 7.7839908599853516
; 58622; 7.6780390739440918
; 58642; 7.5748171806335449
; 58662; 7.4743905067443848
; 58682; 7.3768224716186523
; 58702; 7.2821745872497559
; 58722; 7.1905059814453125
; 58742; 7.1018757820129395
; 58762; 7.01633882522583
; 58782; 6.9339499473571777
; 58802; 6.8547611236572266
; 58822; 6.7788214683532715
; 58842; 6.7061800956726074
; 58862; 6.6368823051452637
; 58882; 6.5709719657897949
; 58902; 6.508491039276123
; 58922; 6.4494781494140625
; 58942; 6.3939714431762695
; 58962; 6.342005729675293
; 58982; 6.2936134338378906
; 59002; 6.2488255500793457
; 59022; 6.2076702117919922
; 59042; 6.170173168182373
; 59062; 6.1363587379455566
; 59082; 6.1062474250793457
; 59102; 6.0798592567443848
; 59122; 6.0572104454040527
; 59142; 6.0383148193359375
; 59162; 6.0231847763061523
; 59182; 6.0118298530578613
; 59202; 6.0042572021484375
; 59222; 6.0004715919494629
; 59242; 6.0004758834838867
; 59262; 6.0042691230773926
; 59282; 6.0118494033813477
; 59302; 6.02321195602417
; 59322; 6.0383496284484863
; 59342; 6.0572528839111328
; 59362; 6.0799093246459961
; 59382; 6.1063051223754883
; 59402; 6.1364240646362305
; 59422; 6.1702461242675781
; 59442; 6.20775032043457
; 59462; 6.2489132881164551
; 59482; 6.293708324432373
; 59502; 6.3421082496643066
; 59522; 6.3940811157226563
; 59542; 6.4495954513549805
; 59562; 6.5086150169372559
; 59582; 6.5711030960083008
; 59602; 6.6370205879211426
; 59622; 6.7063250541687012
; 59642; 6.7789735794067383
; 59662; 6.85491943359375
; 59682; 6.934114933013916
; 59702; 7.0165104866027832
; 59722; 7.1020536422729492
; 59742; 7.1906900405883789
; 59762; 7.2823643684387207
; 59782; 7.377018928527832
; 59802; 7.4745926856994629
; 59822; 7.57502555847168
; 59842; 7.6782526969909668
; 59862; 7.7842097282409668
; 59882; 7.8928298950195313
; 59902; 8.0040435791015625
; 59922; 8.1177816390991211
; 59942; 8.23397159576416
; 59962; 8.3525409698486328
; 59982; 8.4734134674072266
; 60002; 8.5965127944946289
; 60022; 8.7217626571655273
; 60042; 8.8490829467773438
; 60062; 8.9783935546875
; 60082; 9.1096134185791016
; 60102; 9.2426576614379883
; 60122; 9.37744426727295
; 60142; 9.5138864517211914
; 60162; 9.6519002914428711
; 60182; 9.7913961410522461
; 60202; 9.9322872161865234
; 60222; 10.074483871459961
; 60242; 10.217897415161133
; 60262; 10.362436294555664
; 60282; 10.508009910583496
; 60302; 10.654525756835938
; 60322; 10.801891326904297
; 60342; 10.950013160705566
; 60362; 11.098798751831055
; 60382; 11.248153686523438
; 60402; 11.397983551025391
; 60422; 11.548192977905273
; 60442; 11.698688507080078
; 60462; 11.849373817443848
; 60482; 12.000154495239258
; 60502; 12.150935173034668
; 60522; 12.301619529724121
; 60542; 12.452115058898926
; 60562; 12.602323532104492
; 60582; 12.752152442932129
; 60602; 12.901506423950195
; 60622; 13.050290107727051
; 60642; 13.198410987854004
; 60662; 13.34577465057373
; 60682; 13.492288589477539
; 60702; 13.637860298156738
; 60722; 13.78239631652832
; 60742; 13.925807952880859
; 60762; 14.068002700805664
; 60782; 14.208890914916992
; 60802; 14.348383903503418
; 60822; 14.486393928527832
; 60842; 14.622833251953125
; 60862; 14.75761604309082
; 60882; 14.890657424926758
; 60902; 15.021872520446777
; 60922; 15.151179313659668
; 60942; 15.278495788574219
; 60962; 15.403740882873535
; 60982; 15.526836395263672
; 61002; 15.647704124450684
; 61022; 15.766268730163574
; 61042; 15.882452964782715
; 61062; 15.996186256408691
; 61082; 16.107395172119141
; 61102; 16.216009140014648
; 61122; 16.32196044921875
; 61142; 16.425182342529297
; 61161; 16.525609970092773
; 61182; 16.623178482055664
; 61202; 16.717826843261719
; 61221; 16.809494018554688
; 61241; 16.898124694824219
; 61261; 16.983661651611328
; 61281; 17.066049575805664
; 61301; 17.145238876342773
; 61321; 17.22117805480957
; 61341; 17.293819427490234
; 61361; 17.363117218017578
; 61381; 17.429027557373047
; 61401; 17.491508483886719
; 61421; 17.550521850585938
; 61441; 17.606029510498047
; 61461; 17.657995223999023
; 61481; 17.706386566162109
; 61501; 17.751174926757813
; 61521; 17.792329788208008
; 61541; 17.829826354980469
; 61561; 17.8636417388916
; 61581; 17.893753051757813
; 61601; 17.920141220092773
; 61621; 17.942789077758789
; 61641; 17.961685180664063
; 61661; 17.976814270019531
; 61681; 17.988170623779297
; 61701; 17.995742797851563
; 61721; 17.999528884887695
; 61741; 17.99952507019043
; 61761; 17.995731353759766
; 61781; 17.988151550292969
; 61801; 17.976787567138672
; 61821; 17.961650848388672
; 61841; 17.942747116088867
; 61861; 17.920089721679688
; 61881; 17.893693923950195
; 61901; 17.863576889038086
; 61921; 17.829753875732422
; 61941; 17.79224967956543
; 61961; 17.751087188720703
; 61981; 17.706291198730469
; 62001; 17.657892227172852
; 62021; 17.605918884277344
; 62041; 17.550403594970703
; 62061; 17.491384506225586
; 62081; 17.428895950317383
; 62101; 17.362979888916016
; 62121; 17.293674468994141
; 62141; 17.221025466918945
; 62161; 17.14508056640625
; 62181; 17.065885543823242
; 62201; 16.983489990234375
; 62221; 16.897945404052734
; 62241; 16.809309005737305
; 62261; 16.717634201049805
; 62281; 16.622980117797852
; 62301; 16.525405883789063
; 62321; 16.42497444152832
; 62341; 16.321746826171875
; 62361; 16.215789794921875
; 62381; 16.107170104980469
; 62401; 15.995955467224121
; 62421; 15.882217407226563
; 62441; 15.766027450561523
; 62461; 15.647459030151367
; 62481; 15.526586532592773
; 62501; 15.403486251831055
; 62521; 15.278236389160156
; 62541; 15.15091609954834
; 62561; 15.021605491638184
; 62581; 14.890386581420898
; 62601; 14.757341384887695
; 62621; 14.622555732727051
; 62641; 14.486112594604492
; 62661; 14.348099708557129
; 62681; 14.208603858947754
; 62701; 14.067712783813477
; 62721; 13.925515174865723
; 62741; 13.782101631164551
; 62761; 13.63756275177002
; 62781; 13.491989135742188
; 62801; 13.345474243164063
; 62821; 13.198108673095703
; 62841; 13.049985885620117
; 62861; 12.901200294494629
; 62881; 12.751846313476563
; 62901; 12.602016448974609
; 62921; 12.451807022094727
; 62941; 12.301311492919922
; 62961; 12.150626182556152
; 62981; 11.999845504760742
; 63001; 11.849064826965332
; 63021; 11.698379516601563
; 63041; 11.547884941101074
; 63061; 11.397675514221191
; 63081; 11.247846603393555
; 63101; 11.098493576049805
; 63121; 10.949708938598633
; 63141; 10.80158805847168
; 63161; 10.654224395751953
; 63181; 10.507710456848145
; 63202; 10.362139701843262
; 63221; 10.217602729797363
; 63241; 10.074192047119141
; 63261; 9.9319972991943359
; 63281; 9.7911090850830078
; 63301; 9.6516151428222656
; 63321; 9.513606071472168
; 63341; 9.3771657943725586
; 63361; 9.2423830032348633
; 63381; 9.1093425750732422
; 63401; 8.9781274795532227
; 63421; 8.848820686340332
; 63441; 8.7215042114257813
; 63461; 8.5962591171264648
; 63481; 8.4731636047363281
; 63501; 8.352294921875
; 63521; 8.2337312698364258
; 63541; 8.1175460815429688
; 63561; 8.0038137435913086
; 63581; 7.8926043510437012
; 63601; 7.7839899063110352
; 63621; 7.6780385971069336
; 63641; 7.5748167037963867
; 63661; 7.4743900299072266
